[
  {
    "artistName": "Okieriete Onaodowan",
    "segment": "Previously Active Listeners"
  },
  {
    "artistName": "Armand Van Helden",
    "segment": "Previously Active Listeners"
  },
  {
    "artistName": "Chris Brown",
    "segment": "Previously Active Listeners"
  },
  {
    "artistName": "Tyga",
    "segment": "Previously Active Listeners"
  },
  {
    "artistName": "S3BZS",
    "segment": "Previously Active Listeners"
  },
  {
    "artistName": "whiterosemoxie",
    "segment": "Previously Active Listeners"
  },
  {
    "artistName": "cade clair",
    "segment": "Previously Active Listeners"
  },
  {
    "artistName": "Kid Cudi",
    "segment": "Moderate listeners"
  },
  {
    "artistName": "Spektrem",
    "segment": "Light listeners"
  },
  {
    "artistName": "HXVRMXN",
    "segment": "Previously Active Listeners"
  },
  {
    "artistName": "Austin George",
    "segment": "Light listeners"
  },
  {
    "artistName": "Whethan",
    "segment": "Light listeners"
  },
  {
    "artistName": "ThxSoMch",
    "segment": "Light listeners"
  },
  {
    "artistName": "Vaeo",
    "segment": "Light listeners"
  },
  {
    "artistName": "Luci4",
    "segment": "Previously Active Listeners"
  },
  {
    "artistName": "8485",
    "segment": "Previously Active Listeners"
  },
  {
    "artistName": "boygenius",
    "segment": "Previously Active Listeners"
  },
  {
    "artistName": "Outkast",
    "segment": "Previously Active Listeners"
  },
  {
    "artistName": "Eric Reprid",
    "segment": "Moderate listeners"
  },
  {
    "artistName": "carolesdaughter",
    "segment": "Moderate listeners"
  },
  {
    "artistName": "Hotel Ugly",
    "segment": "Previously Active Listeners"
  },
  {
    "artistName": "Jadeci",
    "segment": "Previously Active Listeners"
  },
  {
    "artistName": "Calvin Harris",
    "segment": "Moderate listeners"
  },
  {
    "artistName": "sem",
    "segment": "Previously Active Listeners"
  },
  {
    "artistName": "Gunna",
    "segment": "Light listeners"
  },
  {
    "artistName": "idkwhyy",
    "segment": "Light listeners"
  },
  {
    "artistName": "Stxlkin",
    "segment": "Previously Active Listeners"
  },
  {
    "artistName": "Blue Wednesday",
    "segment": "Previously Active Listeners"
  },
  {
    "artistName": "Passenger",
    "segment": "Previously Active Listeners"
  },
  {
    "artistName": "牧之原翔子(CV:水瀬いのり)",
    "segment": "Light listeners"
  },
  {
    "artistName": "League of Legends",
    "segment": "Moderate listeners"
  },
  {
    "artistName": "2WEI",
    "segment": "Light listeners"
  },
  {
    "artistName": "Adele",
    "segment": "Previously Active Listeners"
  },
  {
    "artistName": "Shotgun Willy",
    "segment": "Previously Active Listeners"
  },
  {
    "artistName": "Kiraw",
    "segment": "Previously Active Listeners"
  },
  {
    "artistName": "NerdOut",
    "segment": "Light listeners"
  },
  {
    "artistName": "Eurobeat Brony",
    "segment": "Light listeners"
  },
  {
    "artistName": "Timbaland",
    "segment": "Moderate listeners"
  },
  {
    "artistName": "808iuli",
    "segment": "Light listeners"
  },
  {
    "artistName": "Bktherula",
    "segment": "Previously Active Listeners"
  },
  {
    "artistName": "Robin",
    "segment": "Previously Active Listeners"
  },
  {
    "artistName": "Kassgocrazy",
    "segment": "Previously Active Listeners"
  },
  {
    "artistName": "DJ Snake",
    "segment": "Previously Active Listeners"
  },
  {
    "artistName": "John Mayer",
    "segment": "Previously Active Listeners"
  },
  {
    "artistName": "Tommy Richman",
    "segment": "Previously Active Listeners"
  },
  {
    "artistName": "Marc Anthony",
    "segment": "Previously Active Listeners"
  },
  {
    "artistName": "Larrrycroft",
    "segment": "Light listeners"
  },
  {
    "artistName": "Sabrina Carpenter",
    "segment": "Light listeners"
  },
  {
    "artistName": "NewJeans",
    "segment": "Light listeners"
  },
  {
    "artistName": "Cigarettes After Sex",
    "segment": "Previously Active Listeners"
  },
  {
    "artistName": "PYTT NB27E",
    "segment": "Light listeners"
  },
  {
    "artistName": "starfall",
    "segment": "Light listeners"
  },
  {
    "artistName": "Kid Milli",
    "segment": "Previously Active Listeners"
  },
  {
    "artistName": "Peso Pluma",
    "segment": "Previously Active Listeners"
  },
  {
    "artistName": "KEEDFOUR",
    "segment": "Previously Active Listeners"
  },
  {
    "artistName": "re6ce",
    "segment": "Super Listeners"
  },
  {
    "artistName": "Tinashe",
    "segment": "Previously Active Listeners"
  },
  {
    "artistName": "Sadfriendd",
    "segment": "Previously Active Listeners"
  },
  {
    "artistName": "24kGoldn",
    "segment": "Previously Active Listeners"
  },
  {
    "artistName": "Blackway",
    "segment": "Previously Active Listeners"
  },
  {
    "artistName": "Shiro SAGISU",
    "segment": "Moderate listeners"
  },
  {
    "artistName": "Vraox",
    "segment": "Previously Active Listeners"
  },
  {
    "artistName": "Maxrrss",
    "segment": "Previously Active Listeners"
  },
  {
    "artistName": "Coyote Theory",
    "segment": "Previously Active Listeners"
  },
  {
    "artistName": "1nonly",
    "segment": "Light listeners"
  },
  {
    "artistName": "Käärijä",
    "segment": "Light listeners"
  },
  {
    "artistName": "tana",
    "segment": "Previously Active Listeners"
  },
  {
    "artistName": "Major Lazer",
    "segment": "Previously Active Listeners"
  },
  {
    "artistName": "The White Stripes",
    "segment": "Light listeners"
  },
  {
    "artistName": "thekid.ACE",
    "segment": "Previously Active Listeners"
  },
  {
    "artistName": "Diimoon28",
    "segment": "Previously Active Listeners"
  },
  {
    "artistName": "Basco",
    "segment": "Super Listeners"
  },
  {
    "artistName": "T.I.",
    "segment": "Previously Active Listeners"
  },
  {
    "artistName": "StanWill",
    "segment": "Previously Active Listeners"
  },
  {
    "artistName": "Aminé",
    "segment": "Previously Active Listeners"
  },
  {
    "artistName": "The Rare Occasions",
    "segment": "Previously Active Listeners"
  },
  {
    "artistName": "Nemo",
    "segment": "Light listeners"
  },
  {
    "artistName": "PVRIS",
    "segment": "Previously Active Listeners"
  },
  {
    "artistName": "ScHoolboy Q",
    "segment": "Previously Active Listeners"
  },
  {
    "artistName": "BTS",
    "segment": "Previously Active Listeners"
  },
  {
    "artistName": "The Word Alive",
    "segment": "Moderate listeners"
  },
  {
    "artistName": "Beach House",
    "segment": "Previously Active Listeners"
  },
  {
    "artistName": "Anzyeity",
    "segment": "Previously Active Listeners"
  },
  {
    "artistName": "ilyaugust",
    "segment": "Super Listeners"
  },
  {
    "artistName": "takeluf",
    "segment": "Previously Active Listeners"
  },
  {
    "artistName": "Savage Ga$p",
    "segment": "Previously Active Listeners"
  },
  {
    "artistName": "Leonz",
    "segment": "Light listeners"
  },
  {
    "artistName": "d0llywood1",
    "segment": "Previously Active Listeners"
  },
  {
    "artistName": "K'NAAN",
    "segment": "Light listeners"
  },
  {
    "artistName": "hako",
    "segment": "Previously Active Listeners"
  },
  {
    "artistName": "MiatriSs",
    "segment": "Previously Active Listeners"
  },
  {
    "artistName": "Jon Rua",
    "segment": "Previously Active Listeners"
  },
  {
    "artistName": "SyKo",
    "segment": "Moderate listeners"
  },
  {
    "artistName": "The Blessed Madonna",
    "segment": "Previously Active Listeners"
  },
  {
    "artistName": "Ze66y",
    "segment": "Light listeners"
  },
  {
    "artistName": "Lil Darkie",
    "segment": "Previously Active Listeners"
  },
  {
    "artistName": "Cochise",
    "segment": "Previously Active Listeners"
  },
  {
    "artistName": "Jon Batiste",
    "segment": "Previously Active Listeners"
  },
  {
    "artistName": "Shibayan",
    "segment": "Previously Active Listeners"
  },
  {
    "artistName": "Mitch Jones",
    "segment": "Previously Active Listeners"
  },
  {
    "artistName": "Obongjayar",
    "segment": "Light listeners"
  },
  {
    "artistName": "Internet Girl",
    "segment": "Light listeners"
  },
  {
    "artistName": "BIG T",
    "segment": "Previously Active Listeners"
  },
  {
    "artistName": "21 Savage",
    "segment": "Previously Active Listeners"
  },
  {
    "artistName": "TOKYO’S REVENGE",
    "segment": "Previously Active Listeners"
  },
  {
    "artistName": "M83",
    "segment": "Previously Active Listeners"
  },
  {
    "artistName": "khai dreams",
    "segment": "Light listeners"
  },
  {
    "artistName": "Henry Young",
    "segment": "Previously Active Listeners"
  },
  {
    "artistName": "Flo Milli",
    "segment": "Previously Active Listeners"
  },
  {
    "artistName": "Modest Mouse",
    "segment": "Moderate listeners"
  },
  {
    "artistName": "SXMPRA",
    "segment": "Light listeners"
  },
  {
    "artistName": "$atori Zoom",
    "segment": "Previously Active Listeners"
  },
  {
    "artistName": "Yot Club",
    "segment": "Previously Active Listeners"
  },
  {
    "artistName": "hooligan chase",
    "segment": "Previously Active Listeners"
  },
  {
    "artistName": "blackbear",
    "segment": "Previously Active Listeners"
  },
  {
    "artistName": "monty.pk",
    "segment": "Previously Active Listeners"
  },
  {
    "artistName": "The Japanese House",
    "segment": "Previously Active Listeners"
  },
  {
    "artistName": "Aidan Bissett",
    "segment": "Light listeners"
  },
  {
    "artistName": "zandsu",
    "segment": "Light listeners"
  },
  {
    "artistName": "Calabasas",
    "segment": "Previously Active Listeners"
  },
  {
    "artistName": "Luzzysxd",
    "segment": "Previously Active Listeners"
  },
  {
    "artistName": "Kesha",
    "segment": "Previously Active Listeners"
  },
  {
    "artistName": "Forts",
    "segment": "Light listeners"
  },
  {
    "artistName": "豊浜のどか(CV:内田真礼)",
    "segment": "Light listeners"
  },
  {
    "artistName": "Neoni",
    "segment": "Previously Active Listeners"
  },
  {
    "artistName": "Jay Park",
    "segment": "Previously Active Listeners"
  },
  {
    "artistName": "CHIKA",
    "segment": "Super Listeners"
  },
  {
    "artistName": "PinkPantheress",
    "segment": "Previously Active Listeners"
  },
  {
    "artistName": "T Man The Wizard",
    "segment": "Previously Active Listeners"
  },
  {
    "artistName": "Bellini",
    "segment": "Previously Active Listeners"
  },
  {
    "artistName": "2KE",
    "segment": "Light listeners"
  },
  {
    "artistName": "Bumboi",
    "segment": "Light listeners"
  },
  {
    "artistName": "ericdoa",
    "segment": "Super Listeners"
  },
  {
    "artistName": "quinnie",
    "segment": "Previously Active Listeners"
  },
  {
    "artistName": "Zara Larsson",
    "segment": "Previously Active Listeners"
  },
  {
    "artistName": "Andy Grammer",
    "segment": "Light listeners"
  },
  {
    "artistName": "Lucys",
    "segment": "Previously Active Listeners"
  },
  {
    "artistName": "MoonDeity",
    "segment": "Previously Active Listeners"
  },
  {
    "artistName": "NAV",
    "segment": "Light listeners"
  },
  {
    "artistName": "Ciscaux",
    "segment": "Light listeners"
  },
  {
    "artistName": "22december",
    "segment": "Previously Active Listeners"
  },
  {
    "artistName": "ILLENIUM",
    "segment": "Light listeners"
  },
  {
    "artistName": "Kratos",
    "segment": "Moderate listeners"
  },
  {
    "artistName": "Marco Mengoni",
    "segment": "Previously Active Listeners"
  },
  {
    "artistName": "kxxyra",
    "segment": "Previously Active Listeners"
  },
  {
    "artistName": "Volkor X",
    "segment": "Previously Active Listeners"
  },
  {
    "artistName": "Hozier",
    "segment": "Previously Active Listeners"
  },
  {
    "artistName": "Coldplay",
    "segment": "Moderate listeners"
  },
  {
    "artistName": "Inhaler",
    "segment": "Previously Active Listeners"
  },
  {
    "artistName": "Jack Harlow",
    "segment": "Moderate listeners"
  },
  {
    "artistName": "Trey Songz",
    "segment": "Previously Active Listeners"
  },
  {
    "artistName": "Eslabon Armado",
    "segment": "Previously Active Listeners"
  },
  {
    "artistName": "Numl6ck",
    "segment": "Previously Active Listeners"
  },
  {
    "artistName": "Wolfine",
    "segment": "Previously Active Listeners"
  },
  {
    "artistName": "Lil Uzi Vert",
    "segment": "Super Listeners"
  },
  {
    "artistName": "BoyWithUke",
    "segment": "Light listeners"
  },
  {
    "artistName": "Madison Beer",
    "segment": "Light listeners"
  },
  {
    "artistName": "Nordex",
    "segment": "Previously Active Listeners"
  },
  {
    "artistName": "Serenity",
    "segment": "Light listeners"
  },
  {
    "artistName": "XXKATUSJINSUX",
    "segment": "Previously Active Listeners"
  },
  {
    "artistName": "Rebzyyx",
    "segment": "Previously Active Listeners"
  },
  {
    "artistName": "Requesting",
    "segment": "Light listeners"
  },
  {
    "artistName": "Train",
    "segment": "Previously Active Listeners"
  },
  {
    "artistName": "Toploader",
    "segment": "Previously Active Listeners"
  },
  {
    "artistName": "Brain Tan",
    "segment": "Previously Active Listeners"
  },
  {
    "artistName": "Scammacist",
    "segment": "Light listeners"
  },
  {
    "artistName": "YBN Nahmir",
    "segment": "Previously Active Listeners"
  },
  {
    "artistName": "SiM",
    "segment": "Previously Active Listeners"
  },
  {
    "artistName": "Funk Wav",
    "segment": "Previously Active Listeners"
  },
  {
    "artistName": "ily",
    "segment": "Light listeners"
  },
  {
    "artistName": "Bootie Brown",
    "segment": "Previously Active Listeners"
  },
  {
    "artistName": "Angry Children",
    "segment": "Light listeners"
  },
  {
    "artistName": "siouxxie sixxsta",
    "segment": "Previously Active Listeners"
  },
  {
    "artistName": "Saint Motel",
    "segment": "Previously Active Listeners"
  },
  {
    "artistName": "梓川かえで(CV:久保ユリカ)",
    "segment": "Light listeners"
  },
  {
    "artistName": "Young Nudy",
    "segment": "Light listeners"
  },
  {
    "artistName": "Shady Moon",
    "segment": "Light listeners"
  },
  {
    "artistName": "BAEKHYUN",
    "segment": "Light listeners"
  },
  {
    "artistName": "SEVENTEEN",
    "segment": "Previously Active Listeners"
  },
  {
    "artistName": "Against The Current",
    "segment": "Light listeners"
  },
  {
    "artistName": "TOMORROW X TOGETHER",
    "segment": "Previously Active Listeners"
  },
  {
    "artistName": "K/DA",
    "segment": "Light listeners"
  },
  {
    "artistName": "B.I",
    "segment": "Light listeners"
  },
  {
    "artistName": "Edda Hayes",
    "segment": "Previously Active Listeners"
  },
  {
    "artistName": "Lil Wayne",
    "segment": "Previously Active Listeners"
  },
  {
    "artistName": "BONES",
    "segment": "Previously Active Listeners"
  },
  {
    "artistName": "Flo Rida",
    "segment": "Light listeners"
  },
  {
    "artistName": "Avril Lavigne",
    "segment": "Previously Active Listeners"
  },
  {
    "artistName": "The 1975",
    "segment": "Previously Active Listeners"
  },
  {
    "artistName": "Wallows",
    "segment": "Super Listeners"
  },
  {
    "artistName": "Z-Trip",
    "segment": "Previously Active Listeners"
  },
  {
    "artistName": "SICK LEGEND",
    "segment": "Previously Active Listeners"
  },
  {
    "artistName": "Vice",
    "segment": "Light listeners"
  },
  {
    "artistName": "MARO",
    "segment": "Previously Active Listeners"
  },
  {
    "artistName": "Empire Of The Sun",
    "segment": "Light listeners"
  },
  {
    "artistName": "Joji",
    "segment": "Previously Active Listeners"
  },
  {
    "artistName": "Chase Atlantic",
    "segment": "Previously Active Listeners"
  },
  {
    "artistName": "Lil Skies",
    "segment": "Light listeners"
  },
  {
    "artistName": "Tyler, The Creator",
    "segment": "Light listeners"
  },
  {
    "artistName": "Kuya Magik",
    "segment": "Previously Active Listeners"
  },
  {
    "artistName": "Bastille",
    "segment": "Light listeners"
  },
  {
    "artistName": "Martin Garrix",
    "segment": "Light listeners"
  },
  {
    "artistName": "Lil Mabu",
    "segment": "Light listeners"
  },
  {
    "artistName": "Deorro",
    "segment": "Previously Active Listeners"
  },
  {
    "artistName": "Playboi Carti",
    "segment": "Super Listeners"
  },
  {
    "artistName": "Bigstevedzn",
    "segment": "Light listeners"
  },
  {
    "artistName": "deadman 死人",
    "segment": "Previously Active Listeners"
  },
  {
    "artistName": "Wido",
    "segment": "Previously Active Listeners"
  },
  {
    "artistName": "Alex Warren",
    "segment": "Previously Active Listeners"
  },
  {
    "artistName": "CodeinD",
    "segment": "Light listeners"
  },
  {
    "artistName": "YENA",
    "segment": "Previously Active Listeners"
  },
  {
    "artistName": "brakence",
    "segment": "Super Listeners"
  },
  {
    "artistName": "Adventure Time",
    "segment": "Light listeners"
  },
  {
    "artistName": "Okayracer",
    "segment": "Previously Active Listeners"
  },
  {
    "artistName": "Joost",
    "segment": "Previously Active Listeners"
  },
  {
    "artistName": "Sia",
    "segment": "Previously Active Listeners"
  },
  {
    "artistName": "Cailin Russo",
    "segment": "Previously Active Listeners"
  },
  {
    "artistName": "David Guetta",
    "segment": "Previously Active Listeners"
  },
  {
    "artistName": "Noizenecio",
    "segment": "Previously Active Listeners"
  },
  {
    "artistName": "Tryhardninja",
    "segment": "Previously Active Listeners"
  },
  {
    "artistName": "quinn",
    "segment": "Previously Active Listeners"
  },
  {
    "artistName": "Beyoncé",
    "segment": "Previously Active Listeners"
  },
  {
    "artistName": "Good Kid",
    "segment": "Light listeners"
  },
  {
    "artistName": "Lord Belphegor",
    "segment": "Previously Active Listeners"
  },
  {
    "artistName": "Jasmine Cephas-Jones",
    "segment": "Previously Active Listeners"
  },
  {
    "artistName": "Grateful Dead",
    "segment": "Previously Active Listeners"
  },
  {
    "artistName": "MAGIC!",
    "segment": "Previously Active Listeners"
  },
  {
    "artistName": "b4lnci",
    "segment": "Previously Active Listeners"
  },
  {
    "artistName": "Destroy Lonely",
    "segment": "Previously Active Listeners"
  },
  {
    "artistName": "DrDisrespect",
    "segment": "Previously Active Listeners"
  },
  {
    "artistName": "Rico Nasty",
    "segment": "Previously Active Listeners"
  },
  {
    "artistName": "ozwa",
    "segment": "Previously Active Listeners"
  },
  {
    "artistName": "Ashley Alisha",
    "segment": "Previously Active Listeners"
  },
  {
    "artistName": "ILLIT",
    "segment": "Light listeners"
  },
  {
    "artistName": "Aests",
    "segment": "Previously Active Listeners"
  },
  {
    "artistName": "(G)I-DLE",
    "segment": "Light listeners"
  },
  {
    "artistName": "Germ",
    "segment": "Previously Active Listeners"
  },
  {
    "artistName": "Punkinloveee",
    "segment": "Previously Active Listeners"
  },
  {
    "artistName": "sysmint",
    "segment": "Super Listeners"
  },
  {
    "artistName": "Alvaro Soler",
    "segment": "Previously Active Listeners"
  },
  {
    "artistName": "199X",
    "segment": "Previously Active Listeners"
  },
  {
    "artistName": "Lyrical Lemonade",
    "segment": "Moderate listeners"
  },
  {
    "artistName": "KANKAKU PIERO",
    "segment": "Light listeners"
  },
  {
    "artistName": "ssjishmael",
    "segment": "Previously Active Listeners"
  },
  {
    "artistName": "Dante Red",
    "segment": "Previously Active Listeners"
  },
  {
    "artistName": "DJ GLK",
    "segment": "Previously Active Listeners"
  },
  {
    "artistName": "John Newman",
    "segment": "Previously Active Listeners"
  },
  {
    "artistName": "DJ LZIN",
    "segment": "Previously Active Listeners"
  },
  {
    "artistName": "b2nny",
    "segment": "Previously Active Listeners"
  },
  {
    "artistName": "HAARPER",
    "segment": "Previously Active Listeners"
  },
  {
    "artistName": "sped up nightcore",
    "segment": "Previously Active Listeners"
  },
  {
    "artistName": "Capital Cities",
    "segment": "Moderate listeners"
  },
  {
    "artistName": "bxpolar",
    "segment": "Super Listeners"
  },
  {
    "artistName": "50 Cent",
    "segment": "Previously Active Listeners"
  },
  {
    "artistName": "kmoe",
    "segment": "Previously Active Listeners"
  },
  {
    "artistName": "MISAMO",
    "segment": "Previously Active Listeners"
  },
  {
    "artistName": "Animal Sun",
    "segment": "Previously Active Listeners"
  },
  {
    "artistName": "MUPP",
    "segment": "Previously Active Listeners"
  },
  {
    "artistName": "Original Broadway Cast of Hamilton",
    "segment": "Previously Active Listeners"
  },
  {
    "artistName": "Knock2",
    "segment": "Previously Active Listeners"
  },
  {
    "artistName": "Gorillaz",
    "segment": "Light listeners"
  },
  {
    "artistName": "ELIO",
    "segment": "Previously Active Listeners"
  },
  {
    "artistName": "Lil Nas X",
    "segment": "Light listeners"
  },
  {
    "artistName": "Fraiva",
    "segment": "Previously Active Listeners"
  },
  {
    "artistName": "Desired",
    "segment": "Light listeners"
  },
  {
    "artistName": "Sleepy Hallow",
    "segment": "Previously Active Listeners"
  },
  {
    "artistName": "KISS OF LIFE",
    "segment": "Moderate listeners"
  },
  {
    "artistName": "NIKI",
    "segment": "Moderate listeners"
  },
  {
    "artistName": "Ren",
    "segment": "Light listeners"
  },
  {
    "artistName": "Dom Dolla",
    "segment": "Super Listeners"
  },
  {
    "artistName": "Cashout Mike",
    "segment": "Previously Active Listeners"
  },
  {
    "artistName": "Eternal Raijin",
    "segment": "Previously Active Listeners"
  },
  {
    "artistName": "ElyOtto",
    "segment": "Previously Active Listeners"
  },
  {
    "artistName": "Dylan Brady",
    "segment": "Previously Active Listeners"
  },
  {
    "artistName": "The Last Dinner Party",
    "segment": "Previously Active Listeners"
  },
  {
    "artistName": "Justin Timberlake",
    "segment": "Previously Active Listeners"
  },
  {
    "artistName": "Neck Deep",
    "segment": "Previously Active Listeners"
  },
  {
    "artistName": "Fast & Furious: The Fast Saga",
    "segment": "Previously Active Listeners"
  },
  {
    "artistName": "glaive",
    "segment": "Super Listeners"
  },
  {
    "artistName": "Brennan Heart",
    "segment": "Previously Active Listeners"
  },
  {
    "artistName": "Travis Scott",
    "segment": "Moderate listeners"
  },
  {
    "artistName": "VK Blanka",
    "segment": "Light listeners"
  },
  {
    "artistName": "双葉理央(CV:種﨑敦美)",
    "segment": "Light listeners"
  },
  {
    "artistName": "Nimstarr",
    "segment": "Light listeners"
  },
  {
    "artistName": "CMTEN",
    "segment": "Previously Active Listeners"
  },
  {
    "artistName": "PXSEIDON",
    "segment": "Light listeners"
  },
  {
    "artistName": "Dxrk ダーク",
    "segment": "Previously Active Listeners"
  },
  {
    "artistName": "Eagles Of Death Metal",
    "segment": "Previously Active Listeners"
  },
  {
    "artistName": "unshackled",
    "segment": "Previously Active Listeners"
  },
  {
    "artistName": "Aries",
    "segment": "Previously Active Listeners"
  },
  {
    "artistName": "Robin Hustin",
    "segment": "Light listeners"
  },
  {
    "artistName": "Kali Uchis",
    "segment": "Light listeners"
  },
  {
    "artistName": "J+1",
    "segment": "Previously Active Listeners"
  },
  {
    "artistName": "Tame Impala",
    "segment": "Previously Active Listeners"
  },
  {
    "artistName": "6LACK",
    "segment": "Previously Active Listeners"
  },
  {
    "artistName": "kuru",
    "segment": "Previously Active Listeners"
  },
  {
    "artistName": "Oliver Malcolm",
    "segment": "Light listeners"
  },
  {
    "artistName": "Danny Towers",
    "segment": "Previously Active Listeners"
  },
  {
    "artistName": "Icona Pop",
    "segment": "Previously Active Listeners"
  },
  {
    "artistName": "juju<3",
    "segment": "Previously Active Listeners"
  },
  {
    "artistName": "aldn",
    "segment": "Moderate listeners"
  },
  {
    "artistName": "Eyedress",
    "segment": "Previously Active Listeners"
  },
  {
    "artistName": "Wolf Alice",
    "segment": "Previously Active Listeners"
  },
  {
    "artistName": "Jvcki Wai",
    "segment": "Previously Active Listeners"
  },
  {
    "artistName": "ATARASHII GAKKO!",
    "segment": "Previously Active Listeners"
  },
  {
    "artistName": "Jimmy Eat World",
    "segment": "Moderate listeners"
  },
  {
    "artistName": "HARRY WAS HERE",
    "segment": "Previously Active Listeners"
  },
  {
    "artistName": "Murkish",
    "segment": "Previously Active Listeners"
  },
  {
    "artistName": "E-Dubble",
    "segment": "Previously Active Listeners"
  },
  {
    "artistName": "Only the Strong",
    "segment": "Previously Active Listeners"
  },
  {
    "artistName": "ITSOKTOCRY",
    "segment": "Previously Active Listeners"
  },
  {
    "artistName": "DJ Smellhodet",
    "segment": "Previously Active Listeners"
  },
  {
    "artistName": "Car Seat Headrest",
    "segment": "Previously Active Listeners"
  },
  {
    "artistName": "JAY-Z",
    "segment": "Previously Active Listeners"
  },
  {
    "artistName": "Rebzyyx",
    "segment": "Previously Active Listeners"
  },
  {
    "artistName": "Nicki Minaj",
    "segment": "Previously Active Listeners"
  },
  {
    "artistName": "Mag.Lo",
    "segment": "Previously Active Listeners"
  },
  {
    "artistName": "Tommy Genesis",
    "segment": "Previously Active Listeners"
  },
  {
    "artistName": "tsubi club",
    "segment": "Light listeners"
  },
  {
    "artistName": "Kanye West",
    "segment": "Light listeners"
  },
  {
    "artistName": "TWISTED",
    "segment": "Previously Active Listeners"
  },
  {
    "artistName": "neko",
    "segment": "Previously Active Listeners"
  },
  {
    "artistName": "The Shins",
    "segment": "Light listeners"
  },
  {
    "artistName": "eyeroze",
    "segment": "Previously Active Listeners"
  },
  {
    "artistName": "TheFatRat",
    "segment": "Moderate listeners"
  },
  {
    "artistName": "The Kid LAROI",
    "segment": "Super Listeners"
  },
  {
    "artistName": "Psych",
    "segment": "Previously Active Listeners"
  },
  {
    "artistName": "Pink Slip",
    "segment": "Light listeners"
  },
  {
    "artistName": "Klay Kamikaze",
    "segment": "Previously Active Listeners"
  },
  {
    "artistName": "Clone1",
    "segment": "Previously Active Listeners"
  },
  {
    "artistName": "Lana Del Rey",
    "segment": "Previously Active Listeners"
  },
  {
    "artistName": "Halsey",
    "segment": "Previously Active Listeners"
  },
  {
    "artistName": "Slump6s",
    "segment": "Previously Active Listeners"
  },
  {
    "artistName": "Various Artists",
    "segment": "Moderate listeners"
  },
  {
    "artistName": "Arizona Zervas",
    "segment": "Light listeners"
  },
  {
    "artistName": "beabadoobee",
    "segment": "Previously Active Listeners"
  },
  {
    "artistName": "Jex",
    "segment": "Light listeners"
  },
  {
    "artistName": "Offset",
    "segment": "Previously Active Listeners"
  },
  {
    "artistName": "INTERWORLD",
    "segment": "Previously Active Listeners"
  },
  {
    "artistName": "Tatarka",
    "segment": "Previously Active Listeners"
  },
  {
    "artistName": "ARIZONATEARS",
    "segment": "Previously Active Listeners"
  },
  {
    "artistName": "Gym Class Heroes",
    "segment": "Light listeners"
  },
  {
    "artistName": "Pitbull",
    "segment": "Light listeners"
  },
  {
    "artistName": "Kevin Rudolf",
    "segment": "Light listeners"
  },
  {
    "artistName": "Terror Reid",
    "segment": "Light listeners"
  },
  {
    "artistName": "Ross Lynch",
    "segment": "Moderate listeners"
  },
  {
    "artistName": "Charli xcx",
    "segment": "Previously Active Listeners"
  },
  {
    "artistName": "funeral",
    "segment": "Light listeners"
  },
  {
    "artistName": "Tungevaag",
    "segment": "Light listeners"
  },
  {
    "artistName": "A$AP Rocky",
    "segment": "Moderate listeners"
  },
  {
    "artistName": "twikipedia",
    "segment": "Light listeners"
  },
  {
    "artistName": "LEC",
    "segment": "Previously Active Listeners"
  },
  {
    "artistName": "midwxst archive",
    "segment": "Light listeners"
  },
  {
    "artistName": "Juice WRLD",
    "segment": "Light listeners"
  },
  {
    "artistName": "Grabbitz",
    "segment": "Previously Active Listeners"
  },
  {
    "artistName": "chloe moriondo",
    "segment": "Previously Active Listeners"
  },
  {
    "artistName": "Matthew Koma",
    "segment": "Previously Active Listeners"
  },
  {
    "artistName": "Shakira",
    "segment": "Previously Active Listeners"
  },
  {
    "artistName": "Ne-Yo",
    "segment": "Previously Active Listeners"
  },
  {
    "artistName": "Young Money",
    "segment": "Previously Active Listeners"
  },
  {
    "artistName": "stardumb",
    "segment": "Light listeners"
  },
  {
    "artistName": "Lil Tecca",
    "segment": "Super Listeners"
  },
  {
    "artistName": "Ark Patrol",
    "segment": "Light listeners"
  },
  {
    "artistName": "Fall Out Boy",
    "segment": "Light listeners"
  },
  {
    "artistName": "AniLifts",
    "segment": "Light listeners"
  },
  {
    "artistName": "Twenty One Pilots",
    "segment": "Previously Active Listeners"
  },
  {
    "artistName": "Flashmob",
    "segment": "Previously Active Listeners"
  },
  {
    "artistName": "LezBeEpic Reuploads",
    "segment": "Previously Active Listeners"
  },
  {
    "artistName": "Rex Orange County",
    "segment": "Light listeners"
  },
  {
    "artistName": "Mike Taylor",
    "segment": "Light listeners"
  },
  {
    "artistName": "Ryan Librada",
    "segment": "Light listeners"
  },
  {
    "artistName": "Soulja Boy",
    "segment": "Light listeners"
  },
  {
    "artistName": "Kuwada",
    "segment": "Previously Active Listeners"
  },
  {
    "artistName": "gaptoothv4mp",
    "segment": "Previously Active Listeners"
  },
  {
    "artistName": "Tevvez",
    "segment": "Previously Active Listeners"
  },
  {
    "artistName": "Ari Abdul",
    "segment": "Previously Active Listeners"
  },
  {
    "artistName": "Mc Gw",
    "segment": "Previously Active Listeners"
  },
  {
    "artistName": "Pantera",
    "segment": "Previously Active Listeners"
  },
  {
    "artistName": "Crazy Mano",
    "segment": "Previously Active Listeners"
  },
  {
    "artistName": "Dylan Espeseth",
    "segment": "Previously Active Listeners"
  },
  {
    "artistName": "Gigamesh",
    "segment": "Previously Active Listeners"
  },
  {
    "artistName": "Harry Styles",
    "segment": "Light listeners"
  },
  {
    "artistName": "Lil Tracy",
    "segment": "Previously Active Listeners"
  },
  {
    "artistName": "Scarlxrd",
    "segment": "Previously Active Listeners"
  },
  {
    "artistName": "Black Caviar",
    "segment": "Previously Active Listeners"
  },
  {
    "artistName": "Isaacwhy",
    "segment": "Light listeners"
  },
  {
    "artistName": "The Colourist",
    "segment": "Previously Active Listeners"
  },
  {
    "artistName": "Denzel Curry",
    "segment": "Light listeners"
  },
  {
    "artistName": "Lomz",
    "segment": "Previously Active Listeners"
  },
  {
    "artistName": "RomancePlanet",
    "segment": "Light listeners"
  },
  {
    "artistName": "Skrillex",
    "segment": "Light listeners"
  },
  {
    "artistName": "lilbubblegum",
    "segment": "Previously Active Listeners"
  },
  {
    "artistName": "Waterparks",
    "segment": "Previously Active Listeners"
  },
  {
    "artistName": "Raaban",
    "segment": "Light listeners"
  },
  {
    "artistName": "Chills",
    "segment": "Previously Active Listeners"
  },
  {
    "artistName": "The Living Tombstone",
    "segment": "Moderate listeners"
  },
  {
    "artistName": "Jonathan Groff",
    "segment": "Previously Active Listeners"
  },
  {
    "artistName": "Ty Dolla $ign",
    "segment": "Previously Active Listeners"
  },
  {
    "artistName": "Oliver Tree",
    "segment": "Previously Active Listeners"
  },
  {
    "artistName": "sorridente",
    "segment": "Light listeners"
  },
  {
    "artistName": "overrated",
    "segment": "Previously Active Listeners"
  },
  {
    "artistName": "soaspy",
    "segment": "Previously Active Listeners"
  },
  {
    "artistName": "Disciples",
    "segment": "Light listeners"
  },
  {
    "artistName": "Macklemore",
    "segment": "Previously Active Listeners"
  },
  {
    "artistName": "Raegun",
    "segment": "Previously Active Listeners"
  },
  {
    "artistName": "Sped Up Mage",
    "segment": "Previously Active Listeners"
  },
  {
    "artistName": "Taio Cruz",
    "segment": "Light listeners"
  },
  {
    "artistName": "АДЛИН",
    "segment": "Previously Active Listeners"
  },
  {
    "artistName": "Zedd",
    "segment": "Super Listeners"
  },
  {
    "artistName": "Chri$tian Gate$",
    "segment": "Previously Active Listeners"
  },
  {
    "artistName": "Declan McKenna",
    "segment": "Previously Active Listeners"
  },
  {
    "artistName": "THE SCOTTS",
    "segment": "Light listeners"
  },
  {
    "artistName": "Milky Chance",
    "segment": "Previously Active Listeners"
  },
  {
    "artistName": "suteki",
    "segment": "Previously Active Listeners"
  },
  {
    "artistName": "Swings",
    "segment": "Previously Active Listeners"
  },
  {
    "artistName": "HEARTSTEEL",
    "segment": "Light listeners"
  },
  {
    "artistName": "LXNER",
    "segment": "Previously Active Listeners"
  },
  {
    "artistName": "XANAKIN SKYWOK",
    "segment": "Previously Active Listeners"
  },
  {
    "artistName": "S3RL",
    "segment": "Moderate listeners"
  },
  {
    "artistName": "Tiny Meat Gang",
    "segment": "Light listeners"
  },
  {
    "artistName": "Cafuné",
    "segment": "Moderate listeners"
  },
  {
    "artistName": "Constera",
    "segment": "Previously Active Listeners"
  },
  {
    "artistName": "Magdalena Bay",
    "segment": "Light listeners"
  },
  {
    "artistName": "ovine hall",
    "segment": "Super Listeners"
  },
  {
    "artistName": "ProdByAbnormal",
    "segment": "Previously Active Listeners"
  },
  {
    "artistName": "PR1ISVX",
    "segment": "Previously Active Listeners"
  },
  {
    "artistName": "ri4h",
    "segment": "Previously Active Listeners"
  },
  {
    "artistName": "Fitz and The Tantrums",
    "segment": "Light listeners"
  },
  {
    "artistName": "Christopher Jackson",
    "segment": "Previously Active Listeners"
  },
  {
    "artistName": "Cardingfraud",
    "segment": "Previously Active Listeners"
  },
  {
    "artistName": "paydak",
    "segment": "Previously Active Listeners"
  },
  {
    "artistName": "OmenXIII",
    "segment": "Previously Active Listeners"
  },
  {
    "artistName": "Prelor",
    "segment": "Previously Active Listeners"
  },
  {
    "artistName": "Yeat",
    "segment": "Light listeners"
  },
  {
    "artistName": "Father John Misty",
    "segment": "Previously Active Listeners"
  },
  {
    "artistName": "Said The Sky",
    "segment": "Previously Active Listeners"
  },
  {
    "artistName": "Leslie Odom Jr.",
    "segment": "Previously Active Listeners"
  },
  {
    "artistName": "Red Velvet",
    "segment": "Light listeners"
  },
  {
    "artistName": "Bea Miller",
    "segment": "Light listeners"
  },
  {
    "artistName": "Lorde",
    "segment": "Previously Active Listeners"
  },
  {
    "artistName": "do not resurrect",
    "segment": "Previously Active Listeners"
  },
  {
    "artistName": "OH!DULCEARi",
    "segment": "Previously Active Listeners"
  },
  {
    "artistName": "Childish Gambino",
    "segment": "Moderate listeners"
  },
  {
    "artistName": "Samuel Kim",
    "segment": "Previously Active Listeners"
  },
  {
    "artistName": "TobiMorrow",
    "segment": "Light listeners"
  },
  {
    "artistName": "The Weeknd",
    "segment": "Previously Active Listeners"
  },
  {
    "artistName": "Grioten",
    "segment": "Previously Active Listeners"
  },
  {
    "artistName": "Phoebe Bridgers",
    "segment": "Previously Active Listeners"
  },
  {
    "artistName": "Kendrick Lamar",
    "segment": "Moderate listeners"
  },
  {
    "artistName": "Turtize",
    "segment": "Previously Active Listeners"
  },
  {
    "artistName": "LEX PAIN",
    "segment": "Moderate listeners"
  },
  {
    "artistName": "Flux Pavilion",
    "segment": "Previously Active Listeners"
  },
  {
    "artistName": "Venko",
    "segment": "Previously Active Listeners"
  },
  {
    "artistName": "Netrum",
    "segment": "Previously Active Listeners"
  },
  {
    "artistName": "VALORANT",
    "segment": "Moderate listeners"
  },
  {
    "artistName": "Lady Gaga",
    "segment": "Light listeners"
  },
  {
    "artistName": "Imagine Dragons",
    "segment": "Light listeners"
  },
  {
    "artistName": "Macklemore & Ryan Lewis",
    "segment": "Previously Active Listeners"
  },
  {
    "artistName": "Cybertrash",
    "segment": "Super Listeners"
  },
  {
    "artistName": "Music Factory",
    "segment": "Previously Active Listeners"
  },
  {
    "artistName": "Toby Fox",
    "segment": "Previously Active Listeners"
  },
  {
    "artistName": "88rising",
    "segment": "Previously Active Listeners"
  },
  {
    "artistName": "Lin-Manuel Miranda",
    "segment": "Previously Active Listeners"
  },
  {
    "artistName": "LeonDeLeoni",
    "segment": "Previously Active Listeners"
  },
  {
    "artistName": "prod. DTM",
    "segment": "Previously Active Listeners"
  },
  {
    "artistName": "Endie",
    "segment": "Previously Active Listeners"
  },
  {
    "artistName": "A R I Z O N A",
    "segment": "Light listeners"
  },
  {
    "artistName": "60000isk",
    "segment": "Moderate listeners"
  },
  {
    "artistName": "Rory in early 20s",
    "segment": "Previously Active Listeners"
  },
  {
    "artistName": "Lil Peep",
    "segment": "Moderate listeners"
  },
  {
    "artistName": "Akon",
    "segment": "Previously Active Listeners"
  },
  {
    "artistName": "Paul Simon",
    "segment": "Previously Active Listeners"
  },
  {
    "artistName": "jayo",
    "segment": "Moderate listeners"
  },
  {
    "artistName": "Timeflies",
    "segment": "Previously Active Listeners"
  },
  {
    "artistName": "Dave",
    "segment": "Previously Active Listeners"
  },
  {
    "artistName": "New West",
    "segment": "Previously Active Listeners"
  },
  {
    "artistName": "Brent Faiyaz",
    "segment": "Previously Active Listeners"
  },
  {
    "artistName": "Roisee",
    "segment": "Light listeners"
  },
  {
    "artistName": "KYLE",
    "segment": "Light listeners"
  },
  {
    "artistName": "Metro Boomin",
    "segment": "Light listeners"
  },
  {
    "artistName": "yungalligator",
    "segment": "Light listeners"
  },
  {
    "artistName": "Dennis Lloyd",
    "segment": "Previously Active Listeners"
  },
  {
    "artistName": "Kalmi",
    "segment": "Light listeners"
  },
  {
    "artistName": "Zodiac",
    "segment": "Light listeners"
  },
  {
    "artistName": "SEBii",
    "segment": "Previously Active Listeners"
  },
  {
    "artistName": "Chris James",
    "segment": "Previously Active Listeners"
  },
  {
    "artistName": "daine",
    "segment": "Previously Active Listeners"
  },
  {
    "artistName": "Maroon 5",
    "segment": "Moderate listeners"
  },
  {
    "artistName": "Quavo",
    "segment": "Previously Active Listeners"
  },
  {
    "artistName": "Night Lovell",
    "segment": "Previously Active Listeners"
  },
  {
    "artistName": "Enrique Iglesias",
    "segment": "Light listeners"
  },
  {
    "artistName": "Bloc Party",
    "segment": "Previously Active Listeners"
  },
  {
    "artistName": "The Wanted",
    "segment": "Light listeners"
  },
  {
    "artistName": "Bibi Babydoll",
    "segment": "Previously Active Listeners"
  },
  {
    "artistName": "$uicideboy$",
    "segment": "Light listeners"
  },
  {
    "artistName": "9lives",
    "segment": "Moderate listeners"
  },
  {
    "artistName": "Zac Greer",
    "segment": "Previously Active Listeners"
  },
  {
    "artistName": "The War On Drugs",
    "segment": "Previously Active Listeners"
  },
  {
    "artistName": "Jack Wall",
    "segment": "Light listeners"
  },
  {
    "artistName": "msht",
    "segment": "Previously Active Listeners"
  },
  {
    "artistName": "Akimbo Beats",
    "segment": "Previously Active Listeners"
  },
  {
    "artistName": "WANDAI",
    "segment": "Previously Active Listeners"
  },
  {
    "artistName": "skaiwater",
    "segment": "Light listeners"
  },
  {
    "artistName": "The Hives",
    "segment": "Previously Active Listeners"
  },
  {
    "artistName": "Flipp Dinero",
    "segment": "Previously Active Listeners"
  },
  {
    "artistName": "Ezekiel",
    "segment": "Previously Active Listeners"
  },
  {
    "artistName": "Carrilio",
    "segment": "Previously Active Listeners"
  },
  {
    "artistName": "ferko androm",
    "segment": "Moderate listeners"
  },
  {
    "artistName": "MC Vuiziki",
    "segment": "Previously Active Listeners"
  },
  {
    "artistName": "Ichika Nito",
    "segment": "Light listeners"
  },
  {
    "artistName": "fast forward >>",
    "segment": "Previously Active Listeners"
  },
  {
    "artistName": "dat1quietkid",
    "segment": "Light listeners"
  },
  {
    "artistName": "kaido",
    "segment": "Light listeners"
  },
  {
    "artistName": "Ellie Goulding",
    "segment": "Light listeners"
  },
  {
    "artistName": "100 gecs",
    "segment": "Previously Active Listeners"
  },
  {
    "artistName": "DeeKay",
    "segment": "Light listeners"
  },
  {
    "artistName": "Voda Fuji",
    "segment": "Previously Active Listeners"
  },
  {
    "artistName": "Vierre Cloud",
    "segment": "Light listeners"
  },
  {
    "artistName": "Yung Kage",
    "segment": "Super Listeners"
  },
  {
    "artistName": "Chrissy Costanza",
    "segment": "Previously Active Listeners"
  },
  {
    "artistName": "WHXSKY",
    "segment": "Light listeners"
  },
  {
    "artistName": "SZA",
    "segment": "Light listeners"
  },
  {
    "artistName": "Mofe.",
    "segment": "Light listeners"
  },
  {
    "artistName": "poptropicaslutz!",
    "segment": "Previously Active Listeners"
  },
  {
    "artistName": "TWICE",
    "segment": "Super Listeners"
  },
  {
    "artistName": "bbno$",
    "segment": "Previously Active Listeners"
  },
  {
    "artistName": "Charuss",
    "segment": "Light listeners"
  },
  {
    "artistName": "Mako",
    "segment": "Moderate listeners"
  },
  {
    "artistName": "Of Monsters and Men",
    "segment": "Previously Active Listeners"
  },
  {
    "artistName": "Phantogram",
    "segment": "Previously Active Listeners"
  },
  {
    "artistName": "raixrd",
    "segment": "Previously Active Listeners"
  },
  {
    "artistName": "LOAT!",
    "segment": "Previously Active Listeners"
  },
  {
    "artistName": "mgk",
    "segment": "Previously Active Listeners"
  },
  {
    "artistName": "Cavetown",
    "segment": "Moderate listeners"
  },
  {
    "artistName": "AmbVsh",
    "segment": "Light listeners"
  },
  {
    "artistName": "alt-J",
    "segment": "Super Listeners"
  },
  {
    "artistName": "Travis Barker",
    "segment": "Light listeners"
  },
  {
    "artistName": "MC PR",
    "segment": "Previously Active Listeners"
  },
  {
    "artistName": "Beck",
    "segment": "Previously Active Listeners"
  },
  {
    "artistName": "Lovejoy",
    "segment": "Previously Active Listeners"
  },
  {
    "artistName": "Drake",
    "segment": "Moderate listeners"
  },
  {
    "artistName": "Dimitri Vegas & Like Mike",
    "segment": "Previously Active Listeners"
  },
  {
    "artistName": "Dominic Fike",
    "segment": "Super Listeners"
  },
  {
    "artistName": "Egzod",
    "segment": "Previously Active Listeners"
  },
  {
    "artistName": "Owl City",
    "segment": "Previously Active Listeners"
  },
  {
    "artistName": "Del Water Gap",
    "segment": "Previously Active Listeners"
  },
  {
    "artistName": "Lucky Socks",
    "segment": "Previously Active Listeners"
  },
  {
    "artistName": "Bruno Mars",
    "segment": "Moderate listeners"
  },
  {
    "artistName": "Captainsparklez",
    "segment": "Previously Active Listeners"
  },
  {
    "artistName": "Envy",
    "segment": "Previously Active Listeners"
  },
  {
    "artistName": "Chevy",
    "segment": "Previously Active Listeners"
  },
  {
    "artistName": "Daveed Diggs",
    "segment": "Previously Active Listeners"
  },
  {
    "artistName": "Unlike Pluto",
    "segment": "Light listeners"
  },
  {
    "artistName": "Bachyard Ghost",
    "segment": "Previously Active Listeners"
  },
  {
    "artistName": "Jonas Brothers",
    "segment": "Light listeners"
  },
  {
    "artistName": "Sueco",
    "segment": "Light listeners"
  },
  {
    "artistName": "MF DOOM",
    "segment": "Moderate listeners"
  },
  {
    "artistName": "SHADXWBXRN",
    "segment": "Previously Active Listeners"
  },
  {
    "artistName": "unalive",
    "segment": "Super Listeners"
  },
  {
    "artistName": "5 Seconds of Summer",
    "segment": "Previously Active Listeners"
  },
  {
    "artistName": "KANA-BOON",
    "segment": "Previously Active Listeners"
  },
  {
    "artistName": "Renée Elise Goldsberry",
    "segment": "Previously Active Listeners"
  },
  {
    "artistName": "OCT",
    "segment": "Previously Active Listeners"
  },
  {
    "artistName": "Hardstyle Gym Bro",
    "segment": "Moderate listeners"
  },
  {
    "artistName": "Dizzee Rascal",
    "segment": "Previously Active Listeners"
  },
  {
    "artistName": "Riovaz",
    "segment": "Previously Active Listeners"
  },
  {
    "artistName": "Arcane",
    "segment": "Previously Active Listeners"
  },
  {
    "artistName": "Maestro Chives",
    "segment": "Previously Active Listeners"
  },
  {
    "artistName": "Jon Bellion",
    "segment": "Super Listeners"
  },
  {
    "artistName": "Young Thug",
    "segment": "Previously Active Listeners"
  },
  {
    "artistName": "Halvorsen",
    "segment": "Previously Active Listeners"
  },
  {
    "artistName": "AVGOTDRIP",
    "segment": "Previously Active Listeners"
  },
  {
    "artistName": "DJ TENEBROSO ORIGINAL",
    "segment": "Previously Active Listeners"
  },
  {
    "artistName": "Roisto",
    "segment": "Light listeners"
  },
  {
    "artistName": "Quadeca",
    "segment": "Previously Active Listeners"
  },
  {
    "artistName": "hoshie star",
    "segment": "Previously Active Listeners"
  },
  {
    "artistName": "MADAX",
    "segment": "Previously Active Listeners"
  },
  {
    "artistName": "Glass Animals",
    "segment": "Super Listeners"
  },
  {
    "artistName": "Phillipa Soo",
    "segment": "Previously Active Listeners"
  },
  {
    "artistName": "Carly Rae Jepsen",
    "segment": "Light listeners"
  },
  {
    "artistName": "Ned $tevens",
    "segment": "Previously Active Listeners"
  },
  {
    "artistName": "aldrch",
    "segment": "Light listeners"
  },
  {
    "artistName": "otuka",
    "segment": "Super Listeners"
  },
  {
    "artistName": "Khalid",
    "segment": "Previously Active Listeners"
  },
  {
    "artistName": "Tazzy",
    "segment": "Previously Active Listeners"
  },
  {
    "artistName": "Akucum",
    "segment": "Previously Active Listeners"
  },
  {
    "artistName": "girl in red",
    "segment": "Previously Active Listeners"
  },
  {
    "artistName": "Pierce The Veil",
    "segment": "Light listeners"
  },
  {
    "artistName": "Black Eyed Peas",
    "segment": "Previously Active Listeners"
  },
  {
    "artistName": "桜島麻衣(CV:瀬戸麻沙美)",
    "segment": "Light listeners"
  },
  {
    "artistName": "Avicii",
    "segment": "Previously Active Listeners"
  },
  {
    "artistName": "Austin Mahone",
    "segment": "Previously Active Listeners"
  },
  {
    "artistName": "Ojivolta",
    "segment": "Light listeners"
  },
  {
    "artistName": "Presence",
    "segment": "Light listeners"
  },
  {
    "artistName": "Baby Keem",
    "segment": "Moderate listeners"
  },
  {
    "artistName": "Swae Lee",
    "segment": "Previously Active Listeners"
  },
  {
    "artistName": "Fixupboy",
    "segment": "Light listeners"
  },
  {
    "artistName": "beamglow",
    "segment": "Previously Active Listeners"
  },
  {
    "artistName": "Arctic Monkeys",
    "segment": "Moderate listeners"
  },
  {
    "artistName": "Ghostemane",
    "segment": "Previously Active Listeners"
  },
  {
    "artistName": "Don Toliver",
    "segment": "Light listeners"
  },
  {
    "artistName": "ANGUISH",
    "segment": "Light listeners"
  },
  {
    "artistName": "Tove Lo",
    "segment": "Previously Active Listeners"
  },
  {
    "artistName": "Kanii",
    "segment": "Previously Active Listeners"
  },
  {
    "artistName": "Mesut Boztemur",
    "segment": "Super Listeners"
  },
  {
    "artistName": "Tate McRae",
    "segment": "Previously Active Listeners"
  },
  {
    "artistName": "Freddie Dredd",
    "segment": "Previously Active Listeners"
  },
  {
    "artistName": "Sigala",
    "segment": "Previously Active Listeners"
  },
  {
    "artistName": "meadow",
    "segment": "Previously Active Listeners"
  },
  {
    "artistName": "Katy Perry",
    "segment": "Previously Active Listeners"
  },
  {
    "artistName": "Dude's Cover",
    "segment": "Light listeners"
  },
  {
    "artistName": "Taylor Swift",
    "segment": "Previously Active Listeners"
  },
  {
    "artistName": "Taswell Studios",
    "segment": "Light listeners"
  },
  {
    "artistName": "Swenzy",
    "segment": "Previously Active Listeners"
  },
  {
    "artistName": "Logic",
    "segment": "Moderate listeners"
  },
  {
    "artistName": "Rosa Linn",
    "segment": "Previously Active Listeners"
  },
  {
    "artistName": "Yoza",
    "segment": "Moderate listeners"
  },
  {
    "artistName": "Vampire Weekend",
    "segment": "Light listeners"
  },
  {
    "artistName": "uwyf",
    "segment": "Previously Active Listeners"
  },
  {
    "artistName": "fun.",
    "segment": "Previously Active Listeners"
  },
  {
    "artistName": "Galantis",
    "segment": "Previously Active Listeners"
  },
  {
    "artistName": "Kiiara",
    "segment": "Light listeners"
  },
  {
    "artistName": "Hanumankind",
    "segment": "Light listeners"
  },
  {
    "artistName": "syris",
    "segment": "Previously Active Listeners"
  },
  {
    "artistName": "Ariana Grande",
    "segment": "Previously Active Listeners"
  },
  {
    "artistName": "MYSK",
    "segment": "Light listeners"
  },
  {
    "artistName": "Pinegrove",
    "segment": "Previously Active Listeners"
  },
  {
    "artistName": "2hollis",
    "segment": "Super Listeners"
  },
  {
    "artistName": "CHASE B",
    "segment": "Previously Active Listeners"
  },
  {
    "artistName": "Laures",
    "segment": "Previously Active Listeners"
  },
  {
    "artistName": "Far East Movement",
    "segment": "Previously Active Listeners"
  },
  {
    "artistName": "k.xxiv",
    "segment": "Previously Active Listeners"
  },
  {
    "artistName": "Xxtarlit⚸",
    "segment": "Previously Active Listeners"
  },
  {
    "artistName": "Derivakat",
    "segment": "Previously Active Listeners"
  },
  {
    "artistName": "Maren Morris",
    "segment": "Previously Active Listeners"
  },
  {
    "artistName": "Oh Wonder",
    "segment": "Super Listeners"
  },
  {
    "artistName": "Bad Bunny",
    "segment": "Previously Active Listeners"
  },
  {
    "artistName": "HOYO-MiX",
    "segment": "Previously Active Listeners"
  },
  {
    "artistName": "Lil Xan",
    "segment": "Previously Active Listeners"
  },
  {
    "artistName": "Aidan Swank",
    "segment": "Previously Active Listeners"
  },
  {
    "artistName": "The Cardigans",
    "segment": "Light listeners"
  },
  {
    "artistName": "Huken",
    "segment": "Previously Active Listeners"
  },
  {
    "artistName": "Letoa",
    "segment": "Previously Active Listeners"
  },
  {
    "artistName": "vicodin",
    "segment": "Previously Active Listeners"
  },
  {
    "artistName": "Yung Fazo",
    "segment": "Previously Active Listeners"
  },
  {
    "artistName": "The Strokes",
    "segment": "Previously Active Listeners"
  },
  {
    "artistName": "XXXTENTACION",
    "segment": "Moderate listeners"
  },
  {
    "artistName": "Sean Kingston",
    "segment": "Light listeners"
  },
  {
    "artistName": "Kenshi Yonezu",
    "segment": "Previously Active Listeners"
  },
  {
    "artistName": "DJ Dudah",
    "segment": "Previously Active Listeners"
  },
  {
    "artistName": "Lumi Athena",
    "segment": "Previously Active Listeners"
  },
  {
    "artistName": "Elley Duhé",
    "segment": "Light listeners"
  },
  {
    "artistName": "Lil Texas",
    "segment": "Previously Active Listeners"
  },
  {
    "artistName": "FIFTY FIFTY",
    "segment": "Previously Active Listeners"
  },
  {
    "artistName": "gavn!",
    "segment": "Previously Active Listeners"
  },
  {
    "artistName": "jnhygs",
    "segment": "Previously Active Listeners"
  },
  {
    "artistName": "rebouv",
    "segment": "Moderate listeners"
  },
  {
    "artistName": "PLAZA",
    "segment": "Previously Active Listeners"
  },
  {
    "artistName": "Xavier Mayne",
    "segment": "Previously Active Listeners"
  },
  {
    "artistName": "Vantage",
    "segment": "Previously Active Listeners"
  },
  {
    "artistName": "Chris Christodoulou",
    "segment": "Previously Active Listeners"
  },
  {
    "artistName": "Fireboy DML",
    "segment": "Previously Active Listeners"
  },
  {
    "artistName": "Anderson .Paak",
    "segment": "Super Listeners"
  },
  {
    "artistName": "Basco",
    "segment": "Light listeners"
  },
  {
    "artistName": "Kordhell",
    "segment": "Previously Active Listeners"
  },
  {
    "artistName": "Dsippy",
    "segment": "Previously Active Listeners"
  },
  {
    "artistName": "OneRepublic",
    "segment": "Light listeners"
  },
  {
    "artistName": "Phoenix",
    "segment": "Previously Active Listeners"
  },
  {
    "artistName": "Provoker",
    "segment": "Super Listeners"
  },
  {
    "artistName": "Jess Glynne",
    "segment": "Previously Active Listeners"
  },
  {
    "artistName": "Fonola Band",
    "segment": "Previously Active Listeners"
  },
  {
    "artistName": "davi",
    "segment": "Moderate listeners"
  },
  {
    "artistName": "Isabel LaRosa",
    "segment": "Light listeners"
  },
  {
    "artistName": "Jack Johnson",
    "segment": "Previously Active Listeners"
  },
  {
    "artistName": "Melanie Martinez",
    "segment": "Previously Active Listeners"
  },
  {
    "artistName": "PACKGOD",
    "segment": "Previously Active Listeners"
  },
  {
    "artistName": "Yumi",
    "segment": "Moderate listeners"
  },
  {
    "artistName": "The All-American Rejects",
    "segment": "Light listeners"
  },
  {
    "artistName": "Ray Chen",
    "segment": "Previously Active Listeners"
  },
  {
    "artistName": "Ryan Leahan",
    "segment": "Light listeners"
  },
  {
    "artistName": "Dolo",
    "segment": "Previously Active Listeners"
  },
  {
    "artistName": "BLACKPINK",
    "segment": "Previously Active Listeners"
  },
  {
    "artistName": "ellis",
    "segment": "Light listeners"
  },
  {
    "artistName": "ILYAdrian",
    "segment": "Previously Active Listeners"
  },
  {
    "artistName": "FELIX!",
    "segment": "Previously Active Listeners"
  },
  {
    "artistName": "T-Pain",
    "segment": "Previously Active Listeners"
  },
  {
    "artistName": "PHARAØH",
    "segment": "Previously Active Listeners"
  },
  {
    "artistName": "Abby Roberts",
    "segment": "Previously Active Listeners"
  },
  {
    "artistName": "Unclenathannn",
    "segment": "Light listeners"
  },
  {
    "artistName": "d4vd",
    "segment": "Super Listeners"
  },
  {
    "artistName": "rl",
    "segment": "Previously Active Listeners"
  },
  {
    "artistName": "World the Kid",
    "segment": "Previously Active Listeners"
  },
  {
    "artistName": "Tom Walker",
    "segment": "Previously Active Listeners"
  },
  {
    "artistName": "juno",
    "segment": "Previously Active Listeners"
  },
  {
    "artistName": "Smallpools",
    "segment": "Previously Active Listeners"
  },
  {
    "artistName": "Urban Contact",
    "segment": "Light listeners"
  },
  {
    "artistName": "Jay Kim",
    "segment": "Light listeners"
  },
  {
    "artistName": "reefuh",
    "segment": "Moderate listeners"
  },
  {
    "artistName": "binki",
    "segment": "Moderate listeners"
  },
  {
    "artistName": "Valerie Broussard",
    "segment": "Previously Active Listeners"
  },
  {
    "artistName": "Carameii",
    "segment": "Previously Active Listeners"
  },
  {
    "artistName": "Lukas Graham",
    "segment": "Previously Active Listeners"
  },
  {
    "artistName": "Olympic Ayres",
    "segment": "Previously Active Listeners"
  },
  {
    "artistName": "Pity Party (Girls Club)",
    "segment": "Previously Active Listeners"
  },
  {
    "artistName": "Mark Tuan",
    "segment": "Moderate listeners"
  },
  {
    "artistName": "void",
    "segment": "Moderate listeners"
  },
  {
    "artistName": "Key Glock",
    "segment": "Previously Active Listeners"
  },
  {
    "artistName": "REV",
    "segment": "Previously Active Listeners"
  },
  {
    "artistName": "EDEN",
    "segment": "Previously Active Listeners"
  },
  {
    "artistName": "Jessie J",
    "segment": "Previously Active Listeners"
  },
  {
    "artistName": "Slowboy",
    "segment": "Previously Active Listeners"
  },
  {
    "artistName": "Justin Bieber",
    "segment": "Moderate listeners"
  },
  {
    "artistName": "80purppp",
    "segment": "Super Listeners"
  },
  {
    "artistName": "Mindless Self Indulgence",
    "segment": "Previously Active Listeners"
  },
  {
    "artistName": "Yameii Online",
    "segment": "Previously Active Listeners"
  },
  {
    "artistName": "MC Da 12",
    "segment": "Previously Active Listeners"
  },
  {
    "artistName": "Nico & Vinz",
    "segment": "Light listeners"
  },
  {
    "artistName": "ONIBI",
    "segment": "Previously Active Listeners"
  },
  {
    "artistName": "ovg!",
    "segment": "Previously Active Listeners"
  },
  {
    "artistName": "Hentai Dude",
    "segment": "Previously Active Listeners"
  },
  {
    "artistName": "MC ORSEN",
    "segment": "Previously Active Listeners"
  },
  {
    "artistName": "Marshmello",
    "segment": "Light listeners"
  },
  {
    "artistName": "The Offspring",
    "segment": "Light listeners"
  },
  {
    "artistName": "akumuh",
    "segment": "Previously Active Listeners"
  },
  {
    "artistName": "Future",
    "segment": "Light listeners"
  },
  {
    "artistName": "ARCHEZ",
    "segment": "Previously Active Listeners"
  },
  {
    "artistName": "MisterWives",
    "segment": "Previously Active Listeners"
  },
  {
    "artistName": "EVADE FROM 宇宙",
    "segment": "Light listeners"
  },
  {
    "artistName": "DJ Scheme",
    "segment": "Previously Active Listeners"
  },
  {
    "artistName": "Dj Brunin XM",
    "segment": "Previously Active Listeners"
  },
  {
    "artistName": "Melodyz Town",
    "segment": "Previously Active Listeners"
  },
  {
    "artistName": "e boy",
    "segment": "Previously Active Listeners"
  },
  {
    "artistName": "Jasiah",
    "segment": "Previously Active Listeners"
  },
  {
    "artistName": "midwxst",
    "segment": "Super Listeners"
  },
  {
    "artistName": "Trippie Redd",
    "segment": "Light listeners"
  },
  {
    "artistName": "古賀朋絵(CV:東山奈央)",
    "segment": "Light listeners"
  },
  {
    "artistName": "Orange Caramel",
    "segment": "Previously Active Listeners"
  },
  {
    "artistName": "I DONT KNOW HOW BUT THEY FOUND ME",
    "segment": "Previously Active Listeners"
  },
  {
    "artistName": "Shawn Mendes",
    "segment": "Previously Active Listeners"
  },
  {
    "artistName": "Criestoparamore",
    "segment": "Super Listeners"
  },
  {
    "artistName": "Young Franco",
    "segment": "Light listeners"
  },
  {
    "artistName": "Kodak Black",
    "segment": "Light listeners"
  },
  {
    "artistName": "Odetari",
    "segment": "Moderate listeners"
  },
  {
    "artistName": "Jason Derulo",
    "segment": "Light listeners"
  },
  {
    "artistName": "WALK THE MOON",
    "segment": "Previously Active Listeners"
  },
  {
    "artistName": "Rihanna",
    "segment": "Light listeners"
  },
  {
    "artistName": "JokerJester",
    "segment": "Previously Active Listeners"
  },
  {
    "artistName": "A k i n a",
    "segment": "Previously Active Listeners"
  },
  {
    "artistName": "DJ NK3",
    "segment": "Previously Active Listeners"
  },
  {
    "artistName": "Softwilly",
    "segment": "Super Listeners"
  },
  {
    "artistName": "miraie",
    "segment": "Previously Active Listeners"
  },
  {
    "artistName": "Danny Brown",
    "segment": "Previously Active Listeners"
  },
  {
    "artistName": "Cage The Elephant",
    "segment": "Previously Active Listeners"
  },
  {
    "artistName": "KZA Produções",
    "segment": "Previously Active Listeners"
  },
  {
    "artistName": "Daya",
    "segment": "Previously Active Listeners"
  },
  {
    "artistName": "Doja Cat",
    "segment": "Previously Active Listeners"
  },
  {
    "artistName": "Beach Weather",
    "segment": "Light listeners"
  },
  {
    "artistName": "American Authors",
    "segment": "Previously Active Listeners"
  },
  {
    "artistName": "Thayne Jasperson",
    "segment": "Previously Active Listeners"
  },
  {
    "artistName": "Braden Ross",
    "segment": "Previously Active Listeners"
  },
  {
    "artistName": "The Walters",
    "segment": "Light listeners"
  },
  {
    "artistName": "Olivia Rodrigo",
    "segment": "Light listeners"
  },
  {
    "artistName": "The Pussycat Dolls",
    "segment": "Previously Active Listeners"
  },
  {
    "artistName": "Paramore",
    "segment": "Previously Active Listeners"
  },
  {
    "artistName": "Øfdream",
    "segment": "Previously Active Listeners"
  },
  {
    "artistName": "sped up 8282",
    "segment": "Previously Active Listeners"
  },
  {
    "artistName": "Internet Money",
    "segment": "Light listeners"
  },
  {
    "artistName": "Hoodie Allen",
    "segment": "Previously Active Listeners"
  },
  {
    "artistName": "C.H.A.Y.",
    "segment": "Previously Active Listeners"
  },
  {
    "artistName": "Rae Sremmurd",
    "segment": "Previously Active Listeners"
  },
  {
    "artistName": "IMIS!",
    "segment": "Light listeners"
  },
  {
    "artistName": "Fred again..",
    "segment": "Super Listeners"
  },
  {
    "artistName": "KXNVRA",
    "segment": "Previously Active Listeners"
  },
  {
    "artistName": "90degrees",
    "segment": "Previously Active Listeners"
  },
  {
    "artistName": "Kusorare",
    "segment": "Previously Active Listeners"
  },
  {
    "artistName": "Jay Sean",
    "segment": "Previously Active Listeners"
  },
  {
    "artistName": "Clairo",
    "segment": "Previously Active Listeners"
  },
  {
    "artistName": "Jayson DeZuzio",
    "segment": "Previously Active Listeners"
  },
  {
    "artistName": "Clean Bandit",
    "segment": "Previously Active Listeners"
  },
  {
    "artistName": "Yuki Hayashi",
    "segment": "Previously Active Listeners"
  },
  {
    "artistName": "LOONA",
    "segment": "Previously Active Listeners"
  },
  {
    "artistName": "Gwen Stefani",
    "segment": "Previously Active Listeners"
  },
  {
    "artistName": "Swedish House Mafia",
    "segment": "Previously Active Listeners"
  },
  {
    "artistName": "Ryan Lewis",
    "segment": "Previously Active Listeners"
  },
  {
    "artistName": "Øneheart",
    "segment": "Previously Active Listeners"
  },
  {
    "artistName": "ph0bia",
    "segment": "Previously Active Listeners"
  },
  {
    "artistName": "heylog",
    "segment": "Light listeners"
  },
  {
    "artistName": "Shiloh Dynasty",
    "segment": "Light listeners"
  },
  {
    "artistName": "Dyan Dxddy",
    "segment": "Previously Active Listeners"
  },
  {
    "artistName": "Atwood",
    "segment": "Light listeners"
  },
  {
    "artistName": "KUTE",
    "segment": "Previously Active Listeners"
  },
  {
    "artistName": "Ski Mask The Slump God",
    "segment": "Previously Active Listeners"
  },
  {
    "artistName": "Artemas",
    "segment": "Previously Active Listeners"
  },
  {
    "artistName": "My Chemical Romance",
    "segment": "Previously Active Listeners"
  },
  {
    "artistName": "Mickey Factz",
    "segment": "Moderate listeners"
  },
  {
    "artistName": "JID",
    "segment": "Previously Active Listeners"
  },
  {
    "artistName": "B.o.B",
    "segment": "Previously Active Listeners"
  },
  {
    "artistName": "3OH!3",
    "segment": "Previously Active Listeners"
  },
  {
    "artistName": "Grey",
    "segment": "Light listeners"
  },
  {
    "artistName": "Ruff Loaderz",
    "segment": "Previously Active Listeners"
  },
  {
    "artistName": "renforshort",
    "segment": "Super Listeners"
  },
  {
    "artistName": "Big Sean",
    "segment": "Previously Active Listeners"
  },
  {
    "artistName": "Sparky",
    "segment": "Moderate listeners"
  },
  {
    "artistName": "POORSTACY",
    "segment": "Moderate listeners"
  },
  {
    "artistName": "Kim",
    "segment": "Previously Active Listeners"
  },
  {
    "artistName": "Nightcore Reality",
    "segment": "Previously Active Listeners"
  },
  {
    "artistName": "Mac DeMarco",
    "segment": "Previously Active Listeners"
  },
  {
    "artistName": "SSJ Twiin",
    "segment": "Previously Active Listeners"
  },
  {
    "artistName": "Billie Eilish",
    "segment": "Previously Active Listeners"
  },
  {
    "artistName": "pearl",
    "segment": "Previously Active Listeners"
  },
  {
    "artistName": "Wolftyla",
    "segment": "Previously Active Listeners"
  },
  {
    "artistName": "CORPSE",
    "segment": "Previously Active Listeners"
  },
  {
    "artistName": "John Martin",
    "segment": "Previously Active Listeners"
  },
  {
    "artistName": "Snow Patrol",
    "segment": "Moderate listeners"
  },
  {
    "artistName": "Jades",
    "segment": "Moderate listeners"
  },
  {
    "artistName": "Remi Wolf",
    "segment": "Moderate listeners"
  },
  {
    "artistName": "Legends of Runeterra",
    "segment": "Previously Active Listeners"
  },
  {
    "artistName": "The Neighbourhood",
    "segment": "Previously Active Listeners"
  },
  {
    "artistName": "Lcondatrack",
    "segment": "Light listeners"
  },
  {
    "artistName": "bbdalena",
    "segment": "Previously Active Listeners"
  },
  {
    "artistName": "Laura Les",
    "segment": "Previously Active Listeners"
  },
  {
    "artistName": "Lil Mama",
    "segment": "Previously Active Listeners"
  },
  {
    "artistName": "Verity",
    "segment": "Previously Active Listeners"
  },
  {
    "artistName": "USHER",
    "segment": "Previously Active Listeners"
  },
  {
    "artistName": "Panic! At The Disco",
    "segment": "Previously Active Listeners"
  },
  {
    "artistName": "aespa",
    "segment": "Previously Active Listeners"
  },
  {
    "artistName": "$NOT",
    "segment": "Light listeners"
  },
  {
    "artistName": "lukasenkozz",
    "segment": "Light listeners"
  },
  {
    "artistName": "Speed Radio",
    "segment": "Previously Active Listeners"
  },
  {
    "artistName": "All Time Low",
    "segment": "Previously Active Listeners"
  },
  {
    "artistName": "Two Door Cinema Club",
    "segment": "Previously Active Listeners"
  },
  {
    "artistName": "Bipolar Sunshine",
    "segment": "Previously Active Listeners"
  },
  {
    "artistName": "Mc Menor Do Alvorada",
    "segment": "Previously Active Listeners"
  },
  {
    "artistName": "Glaive",
    "segment": "Light listeners"
  },
  {
    "artistName": "NOVAGANG",
    "segment": "Previously Active Listeners"
  },
  {
    "artistName": "j1gggs",
    "segment": "Previously Active Listeners"
  },
  {
    "artistName": "Pharrell Williams",
    "segment": "Moderate listeners"
  },
  {
    "artistName": "Anella Herim",
    "segment": "Previously Active Listeners"
  },
  {
    "artistName": "Bekuh Boom",
    "segment": "Previously Active Listeners"
  },
  {
    "artistName": "Mike Posner",
    "segment": "Previously Active Listeners"
  },
  {
    "artistName": "NUEKI",
    "segment": "Previously Active Listeners"
  },
  {
    "artistName": "dyl dion",
    "segment": "Previously Active Listeners"
  },
  {
    "artistName": "Lawrence",
    "segment": "Previously Active Listeners"
  },
  {
    "artistName": "Set It Off",
    "segment": "Light listeners"
  },
  {
    "artistName": "Lil Mosey",
    "segment": "Previously Active Listeners"
  },
  {
    "artistName": "C418",
    "segment": "Previously Active Listeners"
  },
  {
    "artistName": "iann dior",
    "segment": "Light listeners"
  },
  {
    "artistName": "Caramella Girls",
    "segment": "Light listeners"
  },
  {
    "artistName": "b6ch",
    "segment": "Light listeners"
  },
  {
    "artistName": "Joey Valence & Brae",
    "segment": "Light listeners"
  },
  {
    "artistName": "ruzlxn",
    "segment": "Light listeners"
  },
  {
    "artistName": "Laufey",
    "segment": "Previously Active Listeners"
  },
  {
    "artistName": "The Backseat Lovers",
    "segment": "Moderate listeners"
  }
]