{
  "topArtists": {
    "numUniqueArtists": 985,
    "topArtists": [
      {
        "artistUri": "spotify:artist:4hR6Bm9YYtktXzjmKhb1Cn",
        "monthlyStreams": [
          {
            "month": 5,
            "biweeklyStreams": [
              {
                "period": 2,
                "numStreams": 68
              },
              {
                "period": 1,
                "numStreams": 68
              }
            ]
          },
          {
            "month": 10,
            "biweeklyStreams": [
              {
                "period": 1,
                "numStreams": 68
              },
              {
                "period": 2,
                "numStreams": 40
              }
            ]
          },
          {
            "month": 6,
            "biweeklyStreams": [
              {
                "period": 1,
                "numStreams": 68
              },
              {
                "period": 2,
                "numStreams": 115
              }
            ]
          },
          {
            "month": 9,
            "biweeklyStreams": [
              {
                "period": 1,
                "numStreams": 613
              },
              {
                "period": 2,
                "numStreams": 321
              }
            ]
          },
          {
            "month": 7,
            "biweeklyStreams": [
              {
                "period": 1,
                "numStreams": 132
              },
              {
                "period": 2,
                "numStreams": 193
              }
            ]
          },
          {
            "month": 11,
            "biweeklyStreams": [
              {
                "period": 1,
                "numStreams": 42
              }
            ]
          },
          {
            "month": 8,
            "biweeklyStreams": [
              {
                "period": 1,
                "numStreams": 426
              },
              {
                "period": 2,
                "numStreams": 278
              }
            ]
          },
          {
            "month": 4,
            "biweeklyStreams": [
              {
                "period": 2,
                "numStreams": 50
              }
            ]
          }
        ]
      },
      {
        "artistUri": "spotify:artist:4cJKDGSv4Dz9QycXYmo565",
        "monthlyStreams": [
          {
            "month": 5,
            "biweeklyStreams": [
              {
                "period": 2,
                "numStreams": 55
              },
              {
                "period": 1,
                "numStreams": 63
              }
            ]
          },
          {
            "month": 10,
            "biweeklyStreams": [
              {
                "period": 1,
                "numStreams": 163
              },
              {
                "period": 2,
                "numStreams": 78
              }
            ]
          },
          {
            "month": 6,
            "biweeklyStreams": [
              {
                "period": 1,
                "numStreams": 56
              },
              {
                "period": 2,
                "numStreams": 72
              }
            ]
          },
          {
            "month": 9,
            "biweeklyStreams": [
              {
                "period": 1,
                "numStreams": 276
              },
              {
                "period": 2,
                "numStreams": 475
              }
            ]
          },
          {
            "month": 7,
            "biweeklyStreams": [
              {
                "period": 1,
                "numStreams": 132
              },
              {
                "period": 2,
                "numStreams": 109
              }
            ]
          },
          {
            "month": 11,
            "biweeklyStreams": [
              {
                "period": 1,
                "numStreams": 31
              }
            ]
          },
          {
            "month": 8,
            "biweeklyStreams": [
              {
                "period": 1,
                "numStreams": 269
              },
              {
                "period": 2,
                "numStreams": 183
              }
            ]
          },
          {
            "month": 4,
            "biweeklyStreams": [
              {
                "period": 2,
                "numStreams": 54
              }
            ]
          }
        ]
      },
      {
        "artistUri": "spotify:artist:0fAEWMlRd4yiJBT2usaqqc",
        "monthlyStreams": [
          {
            "month": 5,
            "biweeklyStreams": [
              {
                "period": 2,
                "numStreams": 89
              },
              {
                "period": 1,
                "numStreams": 194
              }
            ]
          },
          {
            "month": 10,
            "biweeklyStreams": [
              {
                "period": 1,
                "numStreams": 18
              },
              {
                "period": 2,
                "numStreams": 8
              }
            ]
          },
          {
            "month": 6,
            "biweeklyStreams": [
              {
                "period": 1,
                "numStreams": 58
              },
              {
                "period": 2,
                "numStreams": 30
              }
            ]
          },
          {
            "month": 9,
            "biweeklyStreams": [
              {
                "period": 1,
                "numStreams": 21
              },
              {
                "period": 2,
                "numStreams": 16
              }
            ]
          },
          {
            "month": 7,
            "biweeklyStreams": [
              {
                "period": 1,
                "numStreams": 7
              },
              {
                "period": 2,
                "numStreams": 25
              }
            ]
          },
          {
            "month": 11,
            "biweeklyStreams": [
              {
                "period": 1,
                "numStreams": 6
              }
            ]
          },
          {
            "month": 8,
            "biweeklyStreams": [
              {
                "period": 1,
                "numStreams": 20
              },
              {
                "period": 2,
                "numStreams": 60
              }
            ]
          },
          {
            "month": 4,
            "biweeklyStreams": [
              {
                "period": 2,
                "numStreams": 13
              }
            ]
          }
        ]
      },
      {
        "artistUri": "spotify:artist:1FM51jrhnvagSuGSUv3kS2",
        "monthlyStreams": [
          {
            "month": 5,
            "biweeklyStreams": [
              {
                "period": 2,
                "numStreams": 46
              },
              {
                "period": 1,
                "numStreams": 100
              }
            ]
          },
          {
            "month": 10,
            "biweeklyStreams": [
              {
                "period": 1,
                "numStreams": 33
              },
              {
                "period": 2,
                "numStreams": 8
              }
            ]
          },
          {
            "month": 6,
            "biweeklyStreams": [
              {
                "period": 1,
                "numStreams": 39
              },
              {
                "period": 2,
                "numStreams": 41
              }
            ]
          },
          {
            "month": 9,
            "biweeklyStreams": [
              {
                "period": 1,
                "numStreams": 51
              },
              {
                "period": 2,
                "numStreams": 27
              }
            ]
          },
          {
            "month": 7,
            "biweeklyStreams": [
              {
                "period": 1,
                "numStreams": 9
              },
              {
                "period": 2,
                "numStreams": 144
              }
            ]
          },
          {
            "month": 11,
            "biweeklyStreams": [
              {
                "period": 1,
                "numStreams": 7
              }
            ]
          },
          {
            "month": 8,
            "biweeklyStreams": [
              {
                "period": 1,
                "numStreams": 75
              },
              {
                "period": 2,
                "numStreams": 92
              }
            ]
          },
          {
            "month": 4,
            "biweeklyStreams": [
              {
                "period": 2,
                "numStreams": 19
              }
            ]
          }
        ]
      },
      {
        "artistUri": "spotify:artist:7j8MiVdcaaVpUvhkXWwYDT",
        "monthlyStreams": [
          {
            "month": 5,
            "biweeklyStreams": [
              {
                "period": 2,
                "numStreams": 60
              },
              {
                "period": 1,
                "numStreams": 137
              }
            ]
          },
          {
            "month": 10,
            "biweeklyStreams": [
              {
                "period": 1,
                "numStreams": 15
              },
              {
                "period": 2,
                "numStreams": 7
              }
            ]
          },
          {
            "month": 6,
            "biweeklyStreams": [
              {
                "period": 1,
                "numStreams": 50
              },
              {
                "period": 2,
                "numStreams": 41
              }
            ]
          },
          {
            "month": 9,
            "biweeklyStreams": [
              {
                "period": 1,
                "numStreams": 24
              },
              {
                "period": 2,
                "numStreams": 14
              }
            ]
          },
          {
            "month": 7,
            "biweeklyStreams": [
              {
                "period": 1,
                "numStreams": 10
              },
              {
                "period": 2,
                "numStreams": 23
              }
            ]
          },
          {
            "month": 11,
            "biweeklyStreams": [
              {
                "period": 1,
                "numStreams": 5
              }
            ]
          },
          {
            "month": 8,
            "biweeklyStreams": [
              {
                "period": 1,
                "numStreams": 18
              },
              {
                "period": 2,
                "numStreams": 54
              }
            ]
          },
          {
            "month": 4,
            "biweeklyStreams": [
              {
                "period": 2,
                "numStreams": 12
              }
            ]
          }
        ]
      }
    ],
    "topArtistMilliseconds": 312873138,
    "topArtistFanPercentage": 2.4691975E-4
  },
  "topGenres": {
    "topGenres": [
      "glitchcore",
      "aesthetic rap",
      "pop",
      "rap",
      "sped up"
    ],
    "numberGenres": 34
  },
  "topPodcasts": {
    "topPodcastsUri": [
      "spotify:show:1ozQBuIgmaCfmppCR2ulY9"
    ],
    "topPodcastMilliseconds": 41506713,
    "topPodcastPercentage": 0.25235593,
    "totalPodcastMilliseconds": 42696203
  },
  "topTracks": {
    "topTracks": [
      "spotify:track:0dWGqCYNm22qmhM0IvrJAu",
      "spotify:track:3zIcvn5r3QGea6a4M36MQr",
      "spotify:track:0xbhxpl3z5yOinGrfLutoe",
      "spotify:track:3SpRtNO7GKWaFyWydXArvn",
      "spotify:track:0WRvA4kijM3asKKDevc84z"
    ],
    "topTrackPlayCount": 108,
    "topTrackFirstPlayedDate": "2023-04-19",
    "distinctTracksPlayed": 1528
  },
  "yearlyMetrics": {
    "totalMsListened": 1590678500,
    "mostListenedDay": "2023-08-08",
    "mostListenedDayMinutes": 448.14313,
    "percentGreaterThanWorldwideUsers": 86.86044
  },
  "darkMode": {
    "creatureOfHabit": "OBSESSIVE"
  }
}