[
  {
    "artistName": "Freddie Dredd",
    "segment": "Previously Active Listeners"
  },
  {
    "artistName": "Roddy Ricch",
    "segment": "Previously Active Listeners"
  },
  {
    "artistName": "AC/DC",
    "segment": "Previously Active Listeners"
  },
  {
    "artistName": "Richard Carter",
    "segment": "Previously Active Listeners"
  },
  {
    "artistName": "Katy Perry",
    "segment": "Moderate listeners"
  },
  {
    "artistName": "PLAYAMANE",
    "segment": "Previously Active Listeners"
  },
  {
    "artistName": "Taylor Swift",
    "segment": "Light listeners"
  },
  {
    "artistName": "Taswell Studios",
    "segment": "Previously Active Listeners"
  },
  {
    "artistName": "Swoltie",
    "segment": "Previously Active Listeners"
  },
  {
    "artistName": "Muppet DJ",
    "segment": "Previously Active Listeners"
  },
  {
    "artistName": "zee!",
    "segment": "Previously Active Listeners"
  },
  {
    "artistName": "Michael Jackson",
    "segment": "Previously Active Listeners"
  },
  {
    "artistName": "JoshiForYou",
    "segment": "Previously Active Listeners"
  },
  {
    "artistName": "vampz",
    "segment": "Previously Active Listeners"
  },
  {
    "artistName": "Kad1r",
    "segment": "Previously Active Listeners"
  },
  {
    "artistName": "11:11 Music Group",
    "segment": "Previously Active Listeners"
  },
  {
    "artistName": "6YNTHMANE",
    "segment": "Previously Active Listeners"
  },
  {
    "artistName": "twexih",
    "segment": "Previously Active Listeners"
  },
  {
    "artistName": "Vampire Weekend",
    "segment": "Light listeners"
  },
  {
    "artistName": "Kanisan",
    "segment": "Previously Active Listeners"
  },
  {
    "artistName": "felio",
    "segment": "Previously Active Listeners"
  },
  {
    "artistName": "sped up tiktok audios",
    "segment": "Previously Active Listeners"
  },
  {
    "artistName": "MASN",
    "segment": "Previously Active Listeners"
  },
  {
    "artistName": "Hanumankind",
    "segment": "Super Listeners"
  },
  {
    "artistName": "GROUPLOVE",
    "segment": "Previously Active Listeners"
  },
  {
    "artistName": "Ariana Grande",
    "segment": "Super Listeners"
  },
  {
    "artistName": "Dodford",
    "segment": "Previously Active Listeners"
  },
  {
    "artistName": "fam0uz",
    "segment": "Light listeners"
  },
  {
    "artistName": "Aqua",
    "segment": "Previously Active Listeners"
  },
  {
    "artistName": "HBK CAPPO",
    "segment": "Previously Active Listeners"
  },
  {
    "artistName": "2hollis",
    "segment": "Previously Active Listeners"
  },
  {
    "artistName": "Nightcore",
    "segment": "Previously Active Listeners"
  },
  {
    "artistName": "prodby668",
    "segment": "Previously Active Listeners"
  },
  {
    "artistName": "Svaroda",
    "segment": "Previously Active Listeners"
  },
  {
    "artistName": "Royal & the Serpent",
    "segment": "Previously Active Listeners"
  },
  {
    "artistName": "Oh Wonder",
    "segment": "Previously Active Listeners"
  },
  {
    "artistName": "Bad Bunny",
    "segment": "Previously Active Listeners"
  },
  {
    "artistName": "Coilna",
    "segment": "Previously Active Listeners"
  },
  {
    "artistName": "Lil B",
    "segment": "Previously Active Listeners"
  },
  {
    "artistName": "The Cardigans",
    "segment": "Light listeners"
  },
  {
    "artistName": "Huken",
    "segment": "Previously Active Listeners"
  },
  {
    "artistName": "Max Coveri",
    "segment": "Previously Active Listeners"
  },
  {
    "artistName": "XXXTENTACION",
    "segment": "Moderate listeners"
  },
  {
    "artistName": "Sean Kingston",
    "segment": "Light listeners"
  },
  {
    "artistName": "Northmane",
    "segment": "Previously Active Listeners"
  },
  {
    "artistName": "Yseult",
    "segment": "Moderate listeners"
  },
  {
    "artistName": "Kudasaibeats",
    "segment": "Previously Active Listeners"
  },
  {
    "artistName": "RADIXNCE",
    "segment": "Previously Active Listeners"
  },
  {
    "artistName": "Victoria Dior",
    "segment": "Previously Active Listeners"
  },
  {
    "artistName": "9thousand",
    "segment": "Previously Active Listeners"
  },
  {
    "artistName": "Nevve",
    "segment": "Previously Active Listeners"
  },
  {
    "artistName": "YOUNGX777",
    "segment": "Previously Active Listeners"
  },
  {
    "artistName": "amazarashi",
    "segment": "Previously Active Listeners"
  },
  {
    "artistName": "Julian Casablancas",
    "segment": "Previously Active Listeners"
  },
  {
    "artistName": "Glass Animals",
    "segment": "Previously Active Listeners"
  },
  {
    "artistName": "SoulkaOuter",
    "segment": "Previously Active Listeners"
  },
  {
    "artistName": "Carly Rae Jepsen",
    "segment": "Moderate listeners"
  },
  {
    "artistName": "RXDXVIL",
    "segment": "Previously Active Listeners"
  },
  {
    "artistName": "Eve",
    "segment": "Previously Active Listeners"
  },
  {
    "artistName": "Drewblun",
    "segment": "Previously Active Listeners"
  },
  {
    "artistName": "Rucka Rucka Ali",
    "segment": "Previously Active Listeners"
  },
  {
    "artistName": "Tazzy",
    "segment": "Previously Active Listeners"
  },
  {
    "artistName": "Akucum",
    "segment": "Previously Active Listeners"
  },
  {
    "artistName": "NEIKED",
    "segment": "Previously Active Listeners"
  },
  {
    "artistName": "Pierce The Veil",
    "segment": "Previously Active Listeners"
  },
  {
    "artistName": "Labrinth",
    "segment": "Previously Active Listeners"
  },
  {
    "artistName": "桜島麻衣(CV:瀬戸麻沙美)",
    "segment": "Moderate listeners"
  },
  {
    "artistName": "Team.ねこかん[猫]",
    "segment": "Previously Active Listeners"
  },
  {
    "artistName": "Avicii",
    "segment": "Previously Active Listeners"
  },
  {
    "artistName": "Mae Muller",
    "segment": "Previously Active Listeners"
  },
  {
    "artistName": "Biz Markie",
    "segment": "Previously Active Listeners"
  },
  {
    "artistName": "ONE PROJECT",
    "segment": "Previously Active Listeners"
  },
  {
    "artistName": "Baby Keem",
    "segment": "Previously Active Listeners"
  },
  {
    "artistName": "Swae Lee",
    "segment": "Super Listeners"
  },
  {
    "artistName": "Bassjackers",
    "segment": "Previously Active Listeners"
  },
  {
    "artistName": "Arctic Monkeys",
    "segment": "Light listeners"
  },
  {
    "artistName": "crvvdy",
    "segment": "Light listeners"
  },
  {
    "artistName": "Don Toliver",
    "segment": "Previously Active Listeners"
  },
  {
    "artistName": "ANGUISH",
    "segment": "Super Listeners"
  },
  {
    "artistName": "DROELOE",
    "segment": "Previously Active Listeners"
  },
  {
    "artistName": "Chris Linton",
    "segment": "Previously Active Listeners"
  },
  {
    "artistName": "M.I.M.E",
    "segment": "Light listeners"
  },
  {
    "artistName": "Ayase",
    "segment": "Previously Active Listeners"
  },
  {
    "artistName": "6ix9ine",
    "segment": "Previously Active Listeners"
  },
  {
    "artistName": "JiKay",
    "segment": "Previously Active Listeners"
  },
  {
    "artistName": "Sinizter",
    "segment": "Previously Active Listeners"
  },
  {
    "artistName": "Grafix",
    "segment": "Previously Active Listeners"
  },
  {
    "artistName": "Okey Dokey",
    "segment": "Previously Active Listeners"
  },
  {
    "artistName": "SHADXWLXRD",
    "segment": "Previously Active Listeners"
  },
  {
    "artistName": "Varea",
    "segment": "Super Listeners"
  },
  {
    "artistName": "Yung Nugget",
    "segment": "Previously Active Listeners"
  },
  {
    "artistName": "Anjulie",
    "segment": "Moderate listeners"
  },
  {
    "artistName": "Cardi B",
    "segment": "Previously Active Listeners"
  },
  {
    "artistName": "Robin Hustin",
    "segment": "Moderate listeners"
  },
  {
    "artistName": "Kali Uchis",
    "segment": "Super Listeners"
  },
  {
    "artistName": "Tame Impala",
    "segment": "Previously Active Listeners"
  },
  {
    "artistName": "Manuel",
    "segment": "Previously Active Listeners"
  },
  {
    "artistName": "MC Mazzie",
    "segment": "Previously Active Listeners"
  },
  {
    "artistName": "Eternxlkz",
    "segment": "Previously Active Listeners"
  },
  {
    "artistName": "Jéja",
    "segment": "Moderate listeners"
  },
  {
    "artistName": "LE SSERAFIM",
    "segment": "Previously Active Listeners"
  },
  {
    "artistName": "Popp Hunna",
    "segment": "Previously Active Listeners"
  },
  {
    "artistName": "grentperez",
    "segment": "Previously Active Listeners"
  },
  {
    "artistName": "Eyedress",
    "segment": "Moderate listeners"
  },
  {
    "artistName": "Shy Smith",
    "segment": "Light listeners"
  },
  {
    "artistName": "Murkish",
    "segment": "Previously Active Listeners"
  },
  {
    "artistName": "Cmoney2423",
    "segment": "Previously Active Listeners"
  },
  {
    "artistName": "ChillPanic",
    "segment": "Previously Active Listeners"
  },
  {
    "artistName": "PSY",
    "segment": "Moderate listeners"
  },
  {
    "artistName": "Cafuné",
    "segment": "Moderate listeners"
  },
  {
    "artistName": "ovine hall",
    "segment": "Previously Active Listeners"
  },
  {
    "artistName": "Metaroom",
    "segment": "Moderate listeners"
  },
  {
    "artistName": "why mona",
    "segment": "Light listeners"
  },
  {
    "artistName": "Pabllo Vittar",
    "segment": "Moderate listeners"
  },
  {
    "artistName": "LEGIXN",
    "segment": "Previously Active Listeners"
  },
  {
    "artistName": "Kenndog",
    "segment": "Previously Active Listeners"
  },
  {
    "artistName": "Tomer Katz",
    "segment": "Moderate listeners"
  },
  {
    "artistName": "Mitski",
    "segment": "Previously Active Listeners"
  },
  {
    "artistName": "Veritas",
    "segment": "Previously Active Listeners"
  },
  {
    "artistName": "FireWithDankTunes",
    "segment": "Previously Active Listeners"
  },
  {
    "artistName": "Hà Lê",
    "segment": "Previously Active Listeners"
  },
  {
    "artistName": "Loathe",
    "segment": "Previously Active Listeners"
  },
  {
    "artistName": "Ali Gatie",
    "segment": "Previously Active Listeners"
  },
  {
    "artistName": "Skillibeng",
    "segment": "Previously Active Listeners"
  },
  {
    "artistName": "LMFAO",
    "segment": "Moderate listeners"
  },
  {
    "artistName": "OmenXIII",
    "segment": "Previously Active Listeners"
  },
  {
    "artistName": "Måneskin",
    "segment": "Previously Active Listeners"
  },
  {
    "artistName": "Yeat",
    "segment": "Super Listeners"
  },
  {
    "artistName": "HardstyleDiego",
    "segment": "Previously Active Listeners"
  },
  {
    "artistName": "Bea Miller",
    "segment": "Previously Active Listeners"
  },
  {
    "artistName": "Lemaitre",
    "segment": "Previously Active Listeners"
  },
  {
    "artistName": "Iron Maiden",
    "segment": "Previously Active Listeners"
  },
  {
    "artistName": "Childish Gambino",
    "segment": "Super Listeners"
  },
  {
    "artistName": "Sean Paul",
    "segment": "Light listeners"
  },
  {
    "artistName": "TobiMorrow",
    "segment": "Moderate listeners"
  },
  {
    "artistName": "The Weeknd",
    "segment": "Super Listeners"
  },
  {
    "artistName": "Grioten",
    "segment": "Previously Active Listeners"
  },
  {
    "artistName": "Pusha T",
    "segment": "Light listeners"
  },
  {
    "artistName": "Kendrick Lamar",
    "segment": "Previously Active Listeners"
  },
  {
    "artistName": "kokoro",
    "segment": "Previously Active Listeners"
  },
  {
    "artistName": "VALORANT",
    "segment": "Moderate listeners"
  },
  {
    "artistName": "Lady Gaga",
    "segment": "Moderate listeners"
  },
  {
    "artistName": "Imagine Dragons",
    "segment": "Previously Active Listeners"
  },
  {
    "artistName": "The Immortals",
    "segment": "Previously Active Listeners"
  },
  {
    "artistName": "Keys N Krates",
    "segment": "Previously Active Listeners"
  },
  {
    "artistName": "Cybertrash",
    "segment": "Previously Active Listeners"
  },
  {
    "artistName": "Music Factory",
    "segment": "Previously Active Listeners"
  },
  {
    "artistName": "dstr$",
    "segment": "Previously Active Listeners"
  },
  {
    "artistName": "Toby Fox",
    "segment": "Previously Active Listeners"
  },
  {
    "artistName": "XXKATUSJINSUX",
    "segment": "Previously Active Listeners"
  },
  {
    "artistName": "Madison Hu",
    "segment": "Previously Active Listeners"
  },
  {
    "artistName": "Fousheé",
    "segment": "Previously Active Listeners"
  },
  {
    "artistName": "Earth, Wind & Fire",
    "segment": "Previously Active Listeners"
  },
  {
    "artistName": "KASAI HARCORES",
    "segment": "Previously Active Listeners"
  },
  {
    "artistName": "Warriyo",
    "segment": "Light listeners"
  },
  {
    "artistName": "Diètro",
    "segment": "Previously Active Listeners"
  },
  {
    "artistName": "BENNETT",
    "segment": "Previously Active Listeners"
  },
  {
    "artistName": "alt!",
    "segment": "Previously Active Listeners"
  },
  {
    "artistName": "ScHoolboy Q",
    "segment": "Previously Active Listeners"
  },
  {
    "artistName": "Banji",
    "segment": "Previously Active Listeners"
  },
  {
    "artistName": "Mr Shest Noley",
    "segment": "Previously Active Listeners"
  },
  {
    "artistName": "Binky the Slinky",
    "segment": "Previously Active Listeners"
  },
  {
    "artistName": "Hensonn",
    "segment": "Previously Active Listeners"
  },
  {
    "artistName": "Polo G",
    "segment": "Previously Active Listeners"
  },
  {
    "artistName": "ILLIT",
    "segment": "Moderate listeners"
  },
  {
    "artistName": "Ikimonogakari",
    "segment": "Previously Active Listeners"
  },
  {
    "artistName": "Aests",
    "segment": "Previously Active Listeners"
  },
  {
    "artistName": "Westside Gunn",
    "segment": "Previously Active Listeners"
  },
  {
    "artistName": "1999 WRITE THE FUTURE",
    "segment": "Previously Active Listeners"
  },
  {
    "artistName": "(G)I-DLE",
    "segment": "Super Listeners"
  },
  {
    "artistName": "JT Music",
    "segment": "Previously Active Listeners"
  },
  {
    "artistName": "g0dz3r0",
    "segment": "Previously Active Listeners"
  },
  {
    "artistName": "3 Dope Brothas",
    "segment": "Previously Active Listeners"
  },
  {
    "artistName": "Sabrina Gomes",
    "segment": "Previously Active Listeners"
  },
  {
    "artistName": "Bonnie Tyler",
    "segment": "Previously Active Listeners"
  },
  {
    "artistName": "Lyrical Lemonade",
    "segment": "Light listeners"
  },
  {
    "artistName": "Tay-K",
    "segment": "Moderate listeners"
  },
  {
    "artistName": "DJ GLK",
    "segment": "Previously Active Listeners"
  },
  {
    "artistName": "potsu",
    "segment": "Previously Active Listeners"
  },
  {
    "artistName": "Zenxx",
    "segment": "Previously Active Listeners"
  },
  {
    "artistName": "HAARPER",
    "segment": "Previously Active Listeners"
  },
  {
    "artistName": "sped up nightcore",
    "segment": "Previously Active Listeners"
  },
  {
    "artistName": "Deather",
    "segment": "Previously Active Listeners"
  },
  {
    "artistName": "Ezio",
    "segment": "Previously Active Listeners"
  },
  {
    "artistName": "OURGRND",
    "segment": "Previously Active Listeners"
  },
  {
    "artistName": "Capital Cities",
    "segment": "Light listeners"
  },
  {
    "artistName": "Bdr!ppyy",
    "segment": "Moderate listeners"
  },
  {
    "artistName": "Surf Curse",
    "segment": "Previously Active Listeners"
  },
  {
    "artistName": "50 Cent",
    "segment": "Previously Active Listeners"
  },
  {
    "artistName": "MUPP",
    "segment": "Previously Active Listeners"
  },
  {
    "artistName": "IShowSpeed",
    "segment": "Previously Active Listeners"
  },
  {
    "artistName": "Aviella",
    "segment": "Previously Active Listeners"
  },
  {
    "artistName": "Joey Bada$$",
    "segment": "Previously Active Listeners"
  },
  {
    "artistName": "AlexsaSS",
    "segment": "Previously Active Listeners"
  },
  {
    "artistName": "Sosamann",
    "segment": "Previously Active Listeners"
  },
  {
    "artistName": "Konata Small",
    "segment": "Previously Active Listeners"
  },
  {
    "artistName": "Fraxo",
    "segment": "Light listeners"
  },
  {
    "artistName": "creamy",
    "segment": "Previously Active Listeners"
  },
  {
    "artistName": "NF",
    "segment": "Previously Active Listeners"
  },
  {
    "artistName": "Muhammet Ayyıldız",
    "segment": "Previously Active Listeners"
  },
  {
    "artistName": "Lil Nas X",
    "segment": "Light listeners"
  },
  {
    "artistName": "Abc Alphabet Sounds App",
    "segment": "Previously Active Listeners"
  },
  {
    "artistName": "Sleepy Hallow",
    "segment": "Previously Active Listeners"
  },
  {
    "artistName": "Sleep Token",
    "segment": "Previously Active Listeners"
  },
  {
    "artistName": "KISS OF LIFE",
    "segment": "Moderate listeners"
  },
  {
    "artistName": "dazy",
    "segment": "Moderate listeners"
  },
  {
    "artistName": "Ren",
    "segment": "Moderate listeners"
  },
  {
    "artistName": "Mario Judah",
    "segment": "Previously Active Listeners"
  },
  {
    "artistName": "Dom Dolla",
    "segment": "Previously Active Listeners"
  },
  {
    "artistName": "Requenze",
    "segment": "Previously Active Listeners"
  },
  {
    "artistName": "Kaihotic",
    "segment": "Previously Active Listeners"
  },
  {
    "artistName": "IShowSpeed",
    "segment": "Light listeners"
  },
  {
    "artistName": "Connor Price",
    "segment": "Previously Active Listeners"
  },
  {
    "artistName": "halberd",
    "segment": "Previously Active Listeners"
  },
  {
    "artistName": "ElyOtto",
    "segment": "Previously Active Listeners"
  },
  {
    "artistName": "Bring Me The Horizon",
    "segment": "Previously Active Listeners"
  },
  {
    "artistName": "Bohoman",
    "segment": "Previously Active Listeners"
  },
  {
    "artistName": "Lizz Robinett",
    "segment": "Previously Active Listeners"
  },
  {
    "artistName": "JELEEL!",
    "segment": "Previously Active Listeners"
  },
  {
    "artistName": "Khruangbin",
    "segment": "Previously Active Listeners"
  },
  {
    "artistName": "Frou Frou",
    "segment": "Moderate listeners"
  },
  {
    "artistName": "A Perfect Circle",
    "segment": "Previously Active Listeners"
  },
  {
    "artistName": "Mohead Mike",
    "segment": "Previously Active Listeners"
  },
  {
    "artistName": "Black Caviar",
    "segment": "Previously Active Listeners"
  },
  {
    "artistName": "2dypoy",
    "segment": "Previously Active Listeners"
  },
  {
    "artistName": "Getter Jaani",
    "segment": "Moderate listeners"
  },
  {
    "artistName": "Gym Class Heroes",
    "segment": "Previously Active Listeners"
  },
  {
    "artistName": "Pitbull",
    "segment": "Light listeners"
  },
  {
    "artistName": "W SHADOW",
    "segment": "Previously Active Listeners"
  },
  {
    "artistName": "DigBar",
    "segment": "Previously Active Listeners"
  },
  {
    "artistName": "Terror Reid",
    "segment": "Previously Active Listeners"
  },
  {
    "artistName": "a-ha",
    "segment": "Previously Active Listeners"
  },
  {
    "artistName": "Ross Lynch",
    "segment": "Light listeners"
  },
  {
    "artistName": "RVNGE",
    "segment": "Previously Active Listeners"
  },
  {
    "artistName": "DJ NpcSize",
    "segment": "Previously Active Listeners"
  },
  {
    "artistName": "YNW Melly",
    "segment": "Previously Active Listeners"
  },
  {
    "artistName": "Charli xcx",
    "segment": "Previously Active Listeners"
  },
  {
    "artistName": "Rxseboy",
    "segment": "Previously Active Listeners"
  },
  {
    "artistName": "Fleurie",
    "segment": "Previously Active Listeners"
  },
  {
    "artistName": "GANK",
    "segment": "Previously Active Listeners"
  },
  {
    "artistName": "SwuM",
    "segment": "Previously Active Listeners"
  },
  {
    "artistName": "Flatbush Zombies",
    "segment": "Previously Active Listeners"
  },
  {
    "artistName": "Tatsuya Kitani",
    "segment": "Previously Active Listeners"
  },
  {
    "artistName": "ACOT",
    "segment": "Light listeners"
  },
  {
    "artistName": "PengoBird",
    "segment": "Previously Active Listeners"
  },
  {
    "artistName": "offwire",
    "segment": "Previously Active Listeners"
  },
  {
    "artistName": "Ghostface Playa",
    "segment": "Previously Active Listeners"
  },
  {
    "artistName": "Lost Son",
    "segment": "Previously Active Listeners"
  },
  {
    "artistName": "Juice WRLD",
    "segment": "Previously Active Listeners"
  },
  {
    "artistName": "Grabbitz",
    "segment": "Previously Active Listeners"
  },
  {
    "artistName": "F.O.O.L",
    "segment": "Previously Active Listeners"
  },
  {
    "artistName": "Ice Spice",
    "segment": "Previously Active Listeners"
  },
  {
    "artistName": "Knowmadic",
    "segment": "Previously Active Listeners"
  },
  {
    "artistName": "Ludwig Ahgren",
    "segment": "Previously Active Listeners"
  },
  {
    "artistName": "Shakira",
    "segment": "Previously Active Listeners"
  },
  {
    "artistName": "Cody Simpson",
    "segment": "Previously Active Listeners"
  },
  {
    "artistName": "Juliana Chahayed",
    "segment": "Light listeners"
  },
  {
    "artistName": "Lil Tecca",
    "segment": "Light listeners"
  },
  {
    "artistName": "Rarin",
    "segment": "Previously Active Listeners"
  },
  {
    "artistName": "Ark Patrol",
    "segment": "Previously Active Listeners"
  },
  {
    "artistName": "Fall Out Boy",
    "segment": "Previously Active Listeners"
  },
  {
    "artistName": "Fox Stevenson",
    "segment": "Previously Active Listeners"
  },
  {
    "artistName": "Twenty One Pilots",
    "segment": "Light listeners"
  },
  {
    "artistName": "Mike Taylor",
    "segment": "Moderate listeners"
  },
  {
    "artistName": "Selena Gomez & The Scene",
    "segment": "Light listeners"
  },
  {
    "artistName": "LDRR",
    "segment": "Light listeners"
  },
  {
    "artistName": "Soulja Boy",
    "segment": "Previously Active Listeners"
  },
  {
    "artistName": "kostromin",
    "segment": "Previously Active Listeners"
  },
  {
    "artistName": "Ari Abdul",
    "segment": "Light listeners"
  },
  {
    "artistName": "Mc Gw",
    "segment": "Light listeners"
  },
  {
    "artistName": "Starzz",
    "segment": "Previously Active Listeners"
  },
  {
    "artistName": "Nirvana",
    "segment": "Moderate listeners"
  },
  {
    "artistName": "Jennifer Warnes",
    "segment": "Previously Active Listeners"
  },
  {
    "artistName": "Knox",
    "segment": "Previously Active Listeners"
  },
  {
    "artistName": "Harry Styles",
    "segment": "Light listeners"
  },
  {
    "artistName": "Scarlxrd",
    "segment": "Previously Active Listeners"
  },
  {
    "artistName": "Mc Danflin",
    "segment": "Moderate listeners"
  },
  {
    "artistName": "TIN",
    "segment": "Previously Active Listeners"
  },
  {
    "artistName": "Sinoda",
    "segment": "Previously Active Listeners"
  },
  {
    "artistName": "Slowboy",
    "segment": "Previously Active Listeners"
  },
  {
    "artistName": "Justin Bieber",
    "segment": "Moderate listeners"
  },
  {
    "artistName": "80purppp",
    "segment": "Previously Active Listeners"
  },
  {
    "artistName": "Bazzi",
    "segment": "Light listeners"
  },
  {
    "artistName": "B.E.R.",
    "segment": "Previously Active Listeners"
  },
  {
    "artistName": "Sylo",
    "segment": "Previously Active Listeners"
  },
  {
    "artistName": "Bens",
    "segment": "Previously Active Listeners"
  },
  {
    "artistName": "Yung Spinach Cumshot",
    "segment": "Previously Active Listeners"
  },
  {
    "artistName": "LXNGVX",
    "segment": "Light listeners"
  },
  {
    "artistName": "Shamoryo",
    "segment": "Previously Active Listeners"
  },
  {
    "artistName": "MC ORSEN",
    "segment": "Previously Active Listeners"
  },
  {
    "artistName": "Marshmello",
    "segment": "Previously Active Listeners"
  },
  {
    "artistName": "KNVCKLES",
    "segment": "Previously Active Listeners"
  },
  {
    "artistName": "X Ambassadors",
    "segment": "Previously Active Listeners"
  },
  {
    "artistName": "KAZUKI KATSUTA",
    "segment": "Previously Active Listeners"
  },
  {
    "artistName": "Mr Twin Sister",
    "segment": "Previously Active Listeners"
  },
  {
    "artistName": "Nateki",
    "segment": "Previously Active Listeners"
  },
  {
    "artistName": "DOYOUNG",
    "segment": "Previously Active Listeners"
  },
  {
    "artistName": "Sarah Brightman",
    "segment": "Previously Active Listeners"
  },
  {
    "artistName": "Killa",
    "segment": "Previously Active Listeners"
  },
  {
    "artistName": "Tsuko G.",
    "segment": "Previously Active Listeners"
  },
  {
    "artistName": "Yvetzal",
    "segment": "Previously Active Listeners"
  },
  {
    "artistName": "The Offspring",
    "segment": "Previously Active Listeners"
  },
  {
    "artistName": "Sungha Jung",
    "segment": "Previously Active Listeners"
  },
  {
    "artistName": "Farruko",
    "segment": "Previously Active Listeners"
  },
  {
    "artistName": "Future",
    "segment": "Previously Active Listeners"
  },
  {
    "artistName": "VTORNIK",
    "segment": "Previously Active Listeners"
  },
  {
    "artistName": "Steve Lacy",
    "segment": "Light listeners"
  },
  {
    "artistName": "Gudrapz",
    "segment": "Previously Active Listeners"
  },
  {
    "artistName": "Linkin Park",
    "segment": "Previously Active Listeners"
  },
  {
    "artistName": "Mc Ster",
    "segment": "Previously Active Listeners"
  },
  {
    "artistName": "Jasiah",
    "segment": "Previously Active Listeners"
  },
  {
    "artistName": "midwxst",
    "segment": "Light listeners"
  },
  {
    "artistName": "SPLYXER",
    "segment": "Previously Active Listeners"
  },
  {
    "artistName": "King Kavalier",
    "segment": "Previously Active Listeners"
  },
  {
    "artistName": "Trippie Redd",
    "segment": "Previously Active Listeners"
  },
  {
    "artistName": "古賀朋絵(CV:東山奈央)",
    "segment": "Moderate listeners"
  },
  {
    "artistName": "CG5",
    "segment": "Previously Active Listeners"
  },
  {
    "artistName": "Tomo",
    "segment": "Super Listeners"
  },
  {
    "artistName": "Queens of the Stone Age",
    "segment": "Previously Active Listeners"
  },
  {
    "artistName": "Shawn Mendes",
    "segment": "Previously Active Listeners"
  },
  {
    "artistName": "grandson",
    "segment": "Previously Active Listeners"
  },
  {
    "artistName": "soave lofi",
    "segment": "Previously Active Listeners"
  },
  {
    "artistName": "Kodak Black",
    "segment": "Moderate listeners"
  },
  {
    "artistName": "Odetari",
    "segment": "Super Listeners"
  },
  {
    "artistName": "Jason Derulo",
    "segment": "Light listeners"
  },
  {
    "artistName": "Josh A",
    "segment": "Previously Active Listeners"
  },
  {
    "artistName": "GRAVECHILL",
    "segment": "Previously Active Listeners"
  },
  {
    "artistName": "Griffinilla",
    "segment": "Previously Active Listeners"
  },
  {
    "artistName": "Rihanna",
    "segment": "Light listeners"
  },
  {
    "artistName": "Mr.Kitty",
    "segment": "Light listeners"
  },
  {
    "artistName": "Softwilly",
    "segment": "Light listeners"
  },
  {
    "artistName": "The Notorious B.I.G.",
    "segment": "Previously Active Listeners"
  },
  {
    "artistName": "SXCREDMANE",
    "segment": "Previously Active Listeners"
  },
  {
    "artistName": "Cady Groves",
    "segment": "Light listeners"
  },
  {
    "artistName": "Denzel Curry",
    "segment": "Previously Active Listeners"
  },
  {
    "artistName": "Katya Lel",
    "segment": "Previously Active Listeners"
  },
  {
    "artistName": "Skrillex",
    "segment": "Previously Active Listeners"
  },
  {
    "artistName": "Warren Hue",
    "segment": "Previously Active Listeners"
  },
  {
    "artistName": "Ooyy",
    "segment": "Previously Active Listeners"
  },
  {
    "artistName": "The Living Tombstone",
    "segment": "Super Listeners"
  },
  {
    "artistName": "Syndicate",
    "segment": "Previously Active Listeners"
  },
  {
    "artistName": "The Charlie Daniels Band",
    "segment": "Previously Active Listeners"
  },
  {
    "artistName": "Oliver Tree",
    "segment": "Previously Active Listeners"
  },
  {
    "artistName": "Ken Carson",
    "segment": "Super Listeners"
  },
  {
    "artistName": "overrated",
    "segment": "Previously Active Listeners"
  },
  {
    "artistName": "LeviathanJPTV",
    "segment": "Previously Active Listeners"
  },
  {
    "artistName": "Powfu",
    "segment": "Previously Active Listeners"
  },
  {
    "artistName": "C4C",
    "segment": "Previously Active Listeners"
  },
  {
    "artistName": "Taio Cruz",
    "segment": "Previously Active Listeners"
  },
  {
    "artistName": "Mellen Gi",
    "segment": "Previously Active Listeners"
  },
  {
    "artistName": "unxbected",
    "segment": "Previously Active Listeners"
  },
  {
    "artistName": "John Denver",
    "segment": "Previously Active Listeners"
  },
  {
    "artistName": "Zedd",
    "segment": "Super Listeners"
  },
  {
    "artistName": "Chri$tian Gate$",
    "segment": "Previously Active Listeners"
  },
  {
    "artistName": "Trap Remix Guys",
    "segment": "Previously Active Listeners"
  },
  {
    "artistName": "Qumu",
    "segment": "Previously Active Listeners"
  },
  {
    "artistName": "THE SCOTTS",
    "segment": "Previously Active Listeners"
  },
  {
    "artistName": "AMU6iX",
    "segment": "Previously Active Listeners"
  },
  {
    "artistName": "Bass Santana",
    "segment": "Previously Active Listeners"
  },
  {
    "artistName": "wendel",
    "segment": "Previously Active Listeners"
  },
  {
    "artistName": "Guy Sigsworth",
    "segment": "Moderate listeners"
  },
  {
    "artistName": "HEARTSTEEL",
    "segment": "Previously Active Listeners"
  },
  {
    "artistName": "Big Boogie",
    "segment": "Previously Active Listeners"
  },
  {
    "artistName": "ATLUS GAME MUSIC",
    "segment": "Previously Active Listeners"
  },
  {
    "artistName": "riddledark",
    "segment": "Previously Active Listeners"
  },
  {
    "artistName": "Ice Spice",
    "segment": "Previously Active Listeners"
  },
  {
    "artistName": "S3RL",
    "segment": "Moderate listeners"
  },
  {
    "artistName": "Madonna",
    "segment": "Super Listeners"
  },
  {
    "artistName": "Elley Duhé",
    "segment": "Light listeners"
  },
  {
    "artistName": "JAY-Z",
    "segment": "Previously Active Listeners"
  },
  {
    "artistName": "MC Virgins",
    "segment": "Light listeners"
  },
  {
    "artistName": "Zixx",
    "segment": "Light listeners"
  },
  {
    "artistName": "DJ Holanda",
    "segment": "Previously Active Listeners"
  },
  {
    "artistName": "0to8",
    "segment": "Super Listeners"
  },
  {
    "artistName": "Nicki Minaj",
    "segment": "Moderate listeners"
  },
  {
    "artistName": "Mag.Lo",
    "segment": "Previously Active Listeners"
  },
  {
    "artistName": "Kanye West",
    "segment": "Light listeners"
  },
  {
    "artistName": "Monica",
    "segment": "Previously Active Listeners"
  },
  {
    "artistName": "neko",
    "segment": "Previously Active Listeners"
  },
  {
    "artistName": "WHOKILLEDXIX",
    "segment": "Previously Active Listeners"
  },
  {
    "artistName": "Elton John",
    "segment": "Previously Active Listeners"
  },
  {
    "artistName": "BurakXD",
    "segment": "Previously Active Listeners"
  },
  {
    "artistName": "icarus",
    "segment": "Previously Active Listeners"
  },
  {
    "artistName": "DJ MAXZZ",
    "segment": "Previously Active Listeners"
  },
  {
    "artistName": "Asketa & Natan Chaim",
    "segment": "Previously Active Listeners"
  },
  {
    "artistName": "Chappell Roan",
    "segment": "Previously Active Listeners"
  },
  {
    "artistName": "TOLCHONOV",
    "segment": "Light listeners"
  },
  {
    "artistName": "TheFatRat",
    "segment": "Super Listeners"
  },
  {
    "artistName": "Coi Leray",
    "segment": "Previously Active Listeners"
  },
  {
    "artistName": "The Kid LAROI",
    "segment": "Moderate listeners"
  },
  {
    "artistName": "Surf Mesa",
    "segment": "Previously Active Listeners"
  },
  {
    "artistName": "Aaron Smith",
    "segment": "Super Listeners"
  },
  {
    "artistName": "Al3ne",
    "segment": "Previously Active Listeners"
  },
  {
    "artistName": "Qwopdef",
    "segment": "Moderate listeners"
  },
  {
    "artistName": "Three Days Grace",
    "segment": "Previously Active Listeners"
  },
  {
    "artistName": "Jaah SLT",
    "segment": "Previously Active Listeners"
  },
  {
    "artistName": "J. Cole",
    "segment": "Previously Active Listeners"
  },
  {
    "artistName": "Halsey",
    "segment": "Previously Active Listeners"
  },
  {
    "artistName": "Various Artists",
    "segment": "Super Listeners"
  },
  {
    "artistName": "MARINA",
    "segment": "Previously Active Listeners"
  },
  {
    "artistName": "Arizona Zervas",
    "segment": "Previously Active Listeners"
  },
  {
    "artistName": "beabadoobee",
    "segment": "Previously Active Listeners"
  },
  {
    "artistName": "Jex",
    "segment": "Moderate listeners"
  },
  {
    "artistName": "Offset",
    "segment": "Light listeners"
  },
  {
    "artistName": "INTERWORLD",
    "segment": "Previously Active Listeners"
  },
  {
    "artistName": "Kidz Bop Kids",
    "segment": "Moderate listeners"
  },
  {
    "artistName": "ZWE1HVNDXR",
    "segment": "Light listeners"
  },
  {
    "artistName": "OwnSystem.exe",
    "segment": "Previously Active Listeners"
  },
  {
    "artistName": "Mei",
    "segment": "Previously Active Listeners"
  },
  {
    "artistName": "ARIZONATEARS",
    "segment": "Previously Active Listeners"
  },
  {
    "artistName": "Shady Moon",
    "segment": "Light listeners"
  },
  {
    "artistName": "George Kipa",
    "segment": "Previously Active Listeners"
  },
  {
    "artistName": "BAEKHYUN",
    "segment": "Previously Active Listeners"
  },
  {
    "artistName": "SEVENTEEN",
    "segment": "Previously Active Listeners"
  },
  {
    "artistName": "Against The Current",
    "segment": "Previously Active Listeners"
  },
  {
    "artistName": "K/DA",
    "segment": "Super Listeners"
  },
  {
    "artistName": "Peaceful Melody",
    "segment": "Previously Active Listeners"
  },
  {
    "artistName": "Mustard",
    "segment": "Previously Active Listeners"
  },
  {
    "artistName": "Flo Rida",
    "segment": "Previously Active Listeners"
  },
  {
    "artistName": "Avril Lavigne",
    "segment": "Previously Active Listeners"
  },
  {
    "artistName": "I See Stars",
    "segment": "Previously Active Listeners"
  },
  {
    "artistName": "Vacations",
    "segment": "Previously Active Listeners"
  },
  {
    "artistName": "Sheet Music Boss",
    "segment": "Previously Active Listeners"
  },
  {
    "artistName": "Juneau",
    "segment": "Previously Active Listeners"
  },
  {
    "artistName": "Mariah Carey",
    "segment": "Previously Active Listeners"
  },
  {
    "artistName": "The Game",
    "segment": "Previously Active Listeners"
  },
  {
    "artistName": "MGMT",
    "segment": "Light listeners"
  },
  {
    "artistName": "Joji",
    "segment": "Previously Active Listeners"
  },
  {
    "artistName": "Tom Morello",
    "segment": "Previously Active Listeners"
  },
  {
    "artistName": "44phantom",
    "segment": "Previously Active Listeners"
  },
  {
    "artistName": "Tyler, The Creator",
    "segment": "Previously Active Listeners"
  },
  {
    "artistName": "fallen angel",
    "segment": "Previously Active Listeners"
  },
  {
    "artistName": "Malcolm Todd",
    "segment": "Previously Active Listeners"
  },
  {
    "artistName": "Mother Mother",
    "segment": "Previously Active Listeners"
  },
  {
    "artistName": "Lil Uzi Vert",
    "segment": "Light listeners"
  },
  {
    "artistName": "Dwills",
    "segment": "Previously Active Listeners"
  },
  {
    "artistName": "Rifti Beats",
    "segment": "Previously Active Listeners"
  },
  {
    "artistName": "BoyWithUke",
    "segment": "Previously Active Listeners"
  },
  {
    "artistName": "Tsuyu",
    "segment": "Previously Active Listeners"
  },
  {
    "artistName": "Madison Beer",
    "segment": "Super Listeners"
  },
  {
    "artistName": "Emir Gökkaya",
    "segment": "Previously Active Listeners"
  },
  {
    "artistName": "Serenity",
    "segment": "Previously Active Listeners"
  },
  {
    "artistName": "Slumpp",
    "segment": "Light listeners"
  },
  {
    "artistName": "Mumford & Sons",
    "segment": "Previously Active Listeners"
  },
  {
    "artistName": "Rockstar Tweek",
    "segment": "Previously Active Listeners"
  },
  {
    "artistName": "Jung Kook",
    "segment": "Previously Active Listeners"
  },
  {
    "artistName": "Venetian Snares",
    "segment": "Previously Active Listeners"
  },
  {
    "artistName": "KSLV Noh",
    "segment": "Previously Active Listeners"
  },
  {
    "artistName": "Train",
    "segment": "Previously Active Listeners"
  },
  {
    "artistName": "girlcalledsarah",
    "segment": "Previously Active Listeners"
  },
  {
    "artistName": "EFE OYUNDA",
    "segment": "Previously Active Listeners"
  },
  {
    "artistName": "Tyla",
    "segment": "Previously Active Listeners"
  },
  {
    "artistName": "Scammacist",
    "segment": "Previously Active Listeners"
  },
  {
    "artistName": "mol$ archive",
    "segment": "Previously Active Listeners"
  },
  {
    "artistName": "Lil Durk",
    "segment": "Previously Active Listeners"
  },
  {
    "artistName": "Armani White",
    "segment": "Previously Active Listeners"
  },
  {
    "artistName": "ily",
    "segment": "Super Listeners"
  },
  {
    "artistName": "Sarah Meow",
    "segment": "Previously Active Listeners"
  },
  {
    "artistName": "Angry Children",
    "segment": "Previously Active Listeners"
  },
  {
    "artistName": "siouxxie sixxsta",
    "segment": "Previously Active Listeners"
  },
  {
    "artistName": "Moneybagg Yo",
    "segment": "Previously Active Listeners"
  },
  {
    "artistName": "SLICK KILLA",
    "segment": "Previously Active Listeners"
  },
  {
    "artistName": "Machine Girl",
    "segment": "Super Listeners"
  },
  {
    "artistName": "irxm",
    "segment": "Previously Active Listeners"
  },
  {
    "artistName": "梓川かえで(CV:久保ユリカ)",
    "segment": "Moderate listeners"
  },
  {
    "artistName": "Young Nudy",
    "segment": "Moderate listeners"
  },
  {
    "artistName": "visioner.",
    "segment": "Previously Active Listeners"
  },
  {
    "artistName": "ONE OK ROCK",
    "segment": "Previously Active Listeners"
  },
  {
    "artistName": "FIFTY FIFTY",
    "segment": "Previously Active Listeners"
  },
  {
    "artistName": "Ro Ransom",
    "segment": "Previously Active Listeners"
  },
  {
    "artistName": "7vvch",
    "segment": "Previously Active Listeners"
  },
  {
    "artistName": "EF",
    "segment": "Super Listeners"
  },
  {
    "artistName": "rebouv",
    "segment": "Previously Active Listeners"
  },
  {
    "artistName": "LUCKI",
    "segment": "Previously Active Listeners"
  },
  {
    "artistName": "Nujabes",
    "segment": "Previously Active Listeners"
  },
  {
    "artistName": "TRAQULA",
    "segment": "Previously Active Listeners"
  },
  {
    "artistName": "Anderson .Paak",
    "segment": "Previously Active Listeners"
  },
  {
    "artistName": "Y2K",
    "segment": "Previously Active Listeners"
  },
  {
    "artistName": "Kordhell",
    "segment": "Previously Active Listeners"
  },
  {
    "artistName": "OneRepublic",
    "segment": "Light listeners"
  },
  {
    "artistName": "Fonola Band",
    "segment": "Previously Active Listeners"
  },
  {
    "artistName": "Periphery",
    "segment": "Previously Active Listeners"
  },
  {
    "artistName": "Ariis",
    "segment": "Previously Active Listeners"
  },
  {
    "artistName": "Trefuego",
    "segment": "Previously Active Listeners"
  },
  {
    "artistName": "Nicky Youre",
    "segment": "Moderate listeners"
  },
  {
    "artistName": "Melanie Martinez",
    "segment": "Light listeners"
  },
  {
    "artistName": "Maya Isacowitz",
    "segment": "Moderate listeners"
  },
  {
    "artistName": "Hasan Ceddi",
    "segment": "Previously Active Listeners"
  },
  {
    "artistName": "Lil 2z",
    "segment": "Previously Active Listeners"
  },
  {
    "artistName": "PACKGOD",
    "segment": "Previously Active Listeners"
  },
  {
    "artistName": "The All-American Rejects",
    "segment": "Light listeners"
  },
  {
    "artistName": "Tydus",
    "segment": "Previously Active Listeners"
  },
  {
    "artistName": "ROOKiEZ is PUNK'D",
    "segment": "Previously Active Listeners"
  },
  {
    "artistName": "untiljapan",
    "segment": "Previously Active Listeners"
  },
  {
    "artistName": "$pidxrs?808",
    "segment": "Previously Active Listeners"
  },
  {
    "artistName": "Apollo Fresh",
    "segment": "Previously Active Listeners"
  },
  {
    "artistName": "Teminite",
    "segment": "Light listeners"
  },
  {
    "artistName": "Seven Ostriches",
    "segment": "Previously Active Listeners"
  },
  {
    "artistName": "Gnarls Barkley",
    "segment": "Moderate listeners"
  },
  {
    "artistName": "Linear Phase",
    "segment": "Previously Active Listeners"
  },
  {
    "artistName": "Unclenathannn",
    "segment": "Previously Active Listeners"
  },
  {
    "artistName": "фрози",
    "segment": "Super Listeners"
  },
  {
    "artistName": "Feint",
    "segment": "Previously Active Listeners"
  },
  {
    "artistName": "AURORA",
    "segment": "Previously Active Listeners"
  },
  {
    "artistName": "DJ Snake",
    "segment": "Previously Active Listeners"
  },
  {
    "artistName": "John Mayer",
    "segment": "Light listeners"
  },
  {
    "artistName": "Tommy Richman",
    "segment": "Previously Active Listeners"
  },
  {
    "artistName": "NLE Choppa",
    "segment": "Previously Active Listeners"
  },
  {
    "artistName": "vtze archive",
    "segment": "Previously Active Listeners"
  },
  {
    "artistName": "Codfish",
    "segment": "Previously Active Listeners"
  },
  {
    "artistName": "Bullet For My Valentine",
    "segment": "Previously Active Listeners"
  },
  {
    "artistName": "Xilo",
    "segment": "Previously Active Listeners"
  },
  {
    "artistName": "Larrrycroft",
    "segment": "Light listeners"
  },
  {
    "artistName": "Rema",
    "segment": "Previously Active Listeners"
  },
  {
    "artistName": "Sabrina Carpenter",
    "segment": "Super Listeners"
  },
  {
    "artistName": "NewJeans",
    "segment": "Super Listeners"
  },
  {
    "artistName": "Robin Schulz",
    "segment": "Previously Active Listeners"
  },
  {
    "artistName": "Chance the Rapper",
    "segment": "Previously Active Listeners"
  },
  {
    "artistName": "Glorb",
    "segment": "Previously Active Listeners"
  },
  {
    "artistName": "re6ce",
    "segment": "Light listeners"
  },
  {
    "artistName": "Pat Benatar",
    "segment": "Previously Active Listeners"
  },
  {
    "artistName": "Sadfriendd",
    "segment": "Previously Active Listeners"
  },
  {
    "artistName": "24kGoldn",
    "segment": "Previously Active Listeners"
  },
  {
    "artistName": "DJ FKU",
    "segment": "Previously Active Listeners"
  },
  {
    "artistName": "Pop Smoke",
    "segment": "Previously Active Listeners"
  },
  {
    "artistName": "softy",
    "segment": "Previously Active Listeners"
  },
  {
    "artistName": "Adam Calhoun",
    "segment": "Previously Active Listeners"
  },
  {
    "artistName": "Blackway",
    "segment": "Previously Active Listeners"
  },
  {
    "artistName": "TEEFIE",
    "segment": "Previously Active Listeners"
  },
  {
    "artistName": "Masked Wolf",
    "segment": "Previously Active Listeners"
  },
  {
    "artistName": "Coyote Theory",
    "segment": "Moderate listeners"
  },
  {
    "artistName": "1nonly",
    "segment": "Super Listeners"
  },
  {
    "artistName": "物語シリーズ",
    "segment": "Super Listeners"
  },
  {
    "artistName": "gizmo",
    "segment": "Previously Active Listeners"
  },
  {
    "artistName": "yarvzix",
    "segment": "Light listeners"
  },
  {
    "artistName": "Surfaces",
    "segment": "Previously Active Listeners"
  },
  {
    "artistName": "Johnny Cash",
    "segment": "Previously Active Listeners"
  },
  {
    "artistName": "Migos",
    "segment": "Previously Active Listeners"
  },
  {
    "artistName": "frxzen",
    "segment": "Previously Active Listeners"
  },
  {
    "artistName": "rallen",
    "segment": "Light listeners"
  },
  {
    "artistName": "sagun",
    "segment": "Previously Active Listeners"
  },
  {
    "artistName": "Lunchmoney",
    "segment": "Previously Active Listeners"
  },
  {
    "artistName": "Coolio",
    "segment": "Previously Active Listeners"
  },
  {
    "artistName": "DMA ILLAN",
    "segment": "Previously Active Listeners"
  },
  {
    "artistName": "Basco",
    "segment": "Previously Active Listeners"
  },
  {
    "artistName": "Cults",
    "segment": "Previously Active Listeners"
  },
  {
    "artistName": "SEREBRO",
    "segment": "Previously Active Listeners"
  },
  {
    "artistName": "Kenya Grace",
    "segment": "Super Listeners"
  },
  {
    "artistName": "Billy Joel",
    "segment": "Previously Active Listeners"
  },
  {
    "artistName": "Billie Eilish",
    "segment": "Previously Active Listeners"
  },
  {
    "artistName": "Cornel Wilczek",
    "segment": "Previously Active Listeners"
  },
  {
    "artistName": "Yugo",
    "segment": "Previously Active Listeners"
  },
  {
    "artistName": "Lynyrd Skynyrd",
    "segment": "Previously Active Listeners"
  },
  {
    "artistName": "Two Feet",
    "segment": "Previously Active Listeners"
  },
  {
    "artistName": "DragonForce",
    "segment": "Light listeners"
  },
  {
    "artistName": "Remi Wolf",
    "segment": "Light listeners"
  },
  {
    "artistName": "Hott Headzz",
    "segment": "Light listeners"
  },
  {
    "artistName": "Lexurus",
    "segment": "Previously Active Listeners"
  },
  {
    "artistName": "Fyex",
    "segment": "Previously Active Listeners"
  },
  {
    "artistName": "The Neighbourhood",
    "segment": "Moderate listeners"
  },
  {
    "artistName": "$werve",
    "segment": "Previously Active Listeners"
  },
  {
    "artistName": "Mondo Loops",
    "segment": "Previously Active Listeners"
  },
  {
    "artistName": "Nena",
    "segment": "Previously Active Listeners"
  },
  {
    "artistName": "Making Bread",
    "segment": "Previously Active Listeners"
  },
  {
    "artistName": "NET",
    "segment": "Previously Active Listeners"
  },
  {
    "artistName": "Soulja Boi",
    "segment": "Previously Active Listeners"
  },
  {
    "artistName": "Queen",
    "segment": "Previously Active Listeners"
  },
  {
    "artistName": "Joshua Bassett",
    "segment": "Previously Active Listeners"
  },
  {
    "artistName": "Marvin Divine",
    "segment": "Super Listeners"
  },
  {
    "artistName": "The Seige",
    "segment": "Previously Active Listeners"
  },
  {
    "artistName": "Sig",
    "segment": "Previously Active Listeners"
  },
  {
    "artistName": "riphoops!",
    "segment": "Previously Active Listeners"
  },
  {
    "artistName": "B3Y0NDA110DD$",
    "segment": "Moderate listeners"
  },
  {
    "artistName": "Pretty",
    "segment": "Previously Active Listeners"
  },
  {
    "artistName": "Panic! At The Disco",
    "segment": "Previously Active Listeners"
  },
  {
    "artistName": "Zxkl",
    "segment": "Previously Active Listeners"
  },
  {
    "artistName": "Swoltie",
    "segment": "Previously Active Listeners"
  },
  {
    "artistName": "Andrew Gold",
    "segment": "Previously Active Listeners"
  },
  {
    "artistName": "IceJJFish",
    "segment": "Previously Active Listeners"
  },
  {
    "artistName": "Pharmacist",
    "segment": "Previously Active Listeners"
  },
  {
    "artistName": "Rich Amiri",
    "segment": "Light listeners"
  },
  {
    "artistName": "All Time Low",
    "segment": "Previously Active Listeners"
  },
  {
    "artistName": "Bipolar Sunshine",
    "segment": "Previously Active Listeners"
  },
  {
    "artistName": "Mc Menor Do Alvorada",
    "segment": "Previously Active Listeners"
  },
  {
    "artistName": "DotEXE",
    "segment": "Previously Active Listeners"
  },
  {
    "artistName": "Scorpions",
    "segment": "Previously Active Listeners"
  },
  {
    "artistName": "Pooh Shiesty",
    "segment": "Previously Active Listeners"
  },
  {
    "artistName": "NUEKI",
    "segment": "Light listeners"
  },
  {
    "artistName": "Giveon",
    "segment": "Previously Active Listeners"
  },
  {
    "artistName": "Amanda Yang",
    "segment": "Moderate listeners"
  },
  {
    "artistName": "Mareux",
    "segment": "Previously Active Listeners"
  },
  {
    "artistName": "Diamond Pistols",
    "segment": "Previously Active Listeners"
  },
  {
    "artistName": "iamjakehill",
    "segment": "Previously Active Listeners"
  },
  {
    "artistName": "Lil Mosey",
    "segment": "Previously Active Listeners"
  },
  {
    "artistName": "Medafiziks",
    "segment": "Previously Active Listeners"
  },
  {
    "artistName": "Barry Manilow",
    "segment": "Previously Active Listeners"
  },
  {
    "artistName": "Drake",
    "segment": "Moderate listeners"
  },
  {
    "artistName": "Dibyo",
    "segment": "Previously Active Listeners"
  },
  {
    "artistName": "Hiko",
    "segment": "Previously Active Listeners"
  },
  {
    "artistName": "I Monster",
    "segment": "Previously Active Listeners"
  },
  {
    "artistName": "Prince",
    "segment": "Previously Active Listeners"
  },
  {
    "artistName": "Egzod",
    "segment": "Moderate listeners"
  },
  {
    "artistName": "Type R",
    "segment": "Moderate listeners"
  },
  {
    "artistName": "Madoniz",
    "segment": "Previously Active Listeners"
  },
  {
    "artistName": "Bruno Mars",
    "segment": "Previously Active Listeners"
  },
  {
    "artistName": "Tory Lanez",
    "segment": "Previously Active Listeners"
  },
  {
    "artistName": "Sexyy Red",
    "segment": "Previously Active Listeners"
  },
  {
    "artistName": "ØJ-PHONK",
    "segment": "Previously Active Listeners"
  },
  {
    "artistName": "Home",
    "segment": "Previously Active Listeners"
  },
  {
    "artistName": "SAOTOMAMORE",
    "segment": "Previously Active Listeners"
  },
  {
    "artistName": "Skorde",
    "segment": "Previously Active Listeners"
  },
  {
    "artistName": "Unlike Pluto",
    "segment": "Moderate listeners"
  },
  {
    "artistName": "K08beatz",
    "segment": "Light listeners"
  },
  {
    "artistName": "Sueco",
    "segment": "Previously Active Listeners"
  },
  {
    "artistName": "Önigirisu",
    "segment": "Previously Active Listeners"
  },
  {
    "artistName": "snackrunner",
    "segment": "Previously Active Listeners"
  },
  {
    "artistName": "Big Moose",
    "segment": "Previously Active Listeners"
  },
  {
    "artistName": "MF DOOM",
    "segment": "Light listeners"
  },
  {
    "artistName": "Futuristik",
    "segment": "Moderate listeners"
  },
  {
    "artistName": "Foo Fighters",
    "segment": "Previously Active Listeners"
  },
  {
    "artistName": "Lewis Hanton",
    "segment": "Previously Active Listeners"
  },
  {
    "artistName": "Kamiyada+",
    "segment": "Previously Active Listeners"
  },
  {
    "artistName": "Jhove",
    "segment": "Previously Active Listeners"
  },
  {
    "artistName": "TXVSTERPLAYA",
    "segment": "Light listeners"
  },
  {
    "artistName": "nudy1",
    "segment": "Moderate listeners"
  },
  {
    "artistName": "JAWNY",
    "segment": "Moderate listeners"
  },
  {
    "artistName": "稲葉曇",
    "segment": "Moderate listeners"
  },
  {
    "artistName": "Ava Max",
    "segment": "Previously Active Listeners"
  },
  {
    "artistName": "DNCE",
    "segment": "Previously Active Listeners"
  },
  {
    "artistName": "Creepy Nuts",
    "segment": "Previously Active Listeners"
  },
  {
    "artistName": "TABAL",
    "segment": "Previously Active Listeners"
  },
  {
    "artistName": "Hardstyle Gym Bro",
    "segment": "Previously Active Listeners"
  },
  {
    "artistName": "Dua Lipa",
    "segment": "Previously Active Listeners"
  },
  {
    "artistName": "Arcane",
    "segment": "Previously Active Listeners"
  },
  {
    "artistName": "Alice In Chains",
    "segment": "Previously Active Listeners"
  },
  {
    "artistName": "Maestro Chives",
    "segment": "Moderate listeners"
  },
  {
    "artistName": "In Shallows",
    "segment": "Previously Active Listeners"
  },
  {
    "artistName": "sysx1337",
    "segment": "Previously Active Listeners"
  },
  {
    "artistName": "Lofi Fruits Music",
    "segment": "Previously Active Listeners"
  },
  {
    "artistName": "Jon Bellion",
    "segment": "Moderate listeners"
  },
  {
    "artistName": "MC LIPEX",
    "segment": "Previously Active Listeners"
  },
  {
    "artistName": "CuBox",
    "segment": "Previously Active Listeners"
  },
  {
    "artistName": "AVGOTDRIP",
    "segment": "Previously Active Listeners"
  },
  {
    "artistName": "Idealism",
    "segment": "Previously Active Listeners"
  },
  {
    "artistName": "Yun Head",
    "segment": "Light listeners"
  },
  {
    "artistName": "DJ TENEBROSO ORIGINAL",
    "segment": "Moderate listeners"
  },
  {
    "artistName": "mol$",
    "segment": "Previously Active Listeners"
  },
  {
    "artistName": "Farizki",
    "segment": "Previously Active Listeners"
  },
  {
    "artistName": "Unknown Brain",
    "segment": "Super Listeners"
  },
  {
    "artistName": "Muse",
    "segment": "Previously Active Listeners"
  },
  {
    "artistName": "glaive",
    "segment": "Light listeners"
  },
  {
    "artistName": "Travis Scott",
    "segment": "Moderate listeners"
  },
  {
    "artistName": "itssvd",
    "segment": "Previously Active Listeners"
  },
  {
    "artistName": "Panda Eyes",
    "segment": "Moderate listeners"
  },
  {
    "artistName": "双葉理央(CV:種﨑敦美)",
    "segment": "Moderate listeners"
  },
  {
    "artistName": "Dxrk ダーク",
    "segment": "Previously Active Listeners"
  },
  {
    "artistName": "Sheck Wes",
    "segment": "Previously Active Listeners"
  },
  {
    "artistName": "Akano",
    "segment": "Previously Active Listeners"
  },
  {
    "artistName": "JVKE",
    "segment": "Light listeners"
  },
  {
    "artistName": "Beach Bunny",
    "segment": "Light listeners"
  },
  {
    "artistName": "21 Savage",
    "segment": "Moderate listeners"
  },
  {
    "artistName": "Portugal. The Man",
    "segment": "Previously Active Listeners"
  },
  {
    "artistName": "Kyle Exum",
    "segment": "Previously Active Listeners"
  },
  {
    "artistName": "TOKYO’S REVENGE",
    "segment": "Previously Active Listeners"
  },
  {
    "artistName": "M83",
    "segment": "Previously Active Listeners"
  },
  {
    "artistName": "Kahlil4mb",
    "segment": "Previously Active Listeners"
  },
  {
    "artistName": "khai dreams",
    "segment": "Light listeners"
  },
  {
    "artistName": "Crispin",
    "segment": "Previously Active Listeners"
  },
  {
    "artistName": "HISTED",
    "segment": "Light listeners"
  },
  {
    "artistName": "レトベア",
    "segment": "Previously Active Listeners"
  },
  {
    "artistName": "prodbytiaan",
    "segment": "Previously Active Listeners"
  },
  {
    "artistName": "Naz3nt",
    "segment": "Previously Active Listeners"
  },
  {
    "artistName": "DJ CD 011",
    "segment": "Previously Active Listeners"
  },
  {
    "artistName": "Phonk",
    "segment": "Previously Active Listeners"
  },
  {
    "artistName": "Bishu",
    "segment": "Previously Active Listeners"
  },
  {
    "artistName": "Shygirl",
    "segment": "Previously Active Listeners"
  },
  {
    "artistName": "SXMPRA",
    "segment": "Previously Active Listeners"
  },
  {
    "artistName": "Spongebob Squarepants",
    "segment": "Previously Active Listeners"
  },
  {
    "artistName": "Krono",
    "segment": "Super Listeners"
  },
  {
    "artistName": "blackbear",
    "segment": "Previously Active Listeners"
  },
  {
    "artistName": "Lost Sky",
    "segment": "Previously Active Listeners"
  },
  {
    "artistName": "$LING",
    "segment": "Previously Active Listeners"
  },
  {
    "artistName": "Rook1e",
    "segment": "Previously Active Listeners"
  },
  {
    "artistName": "Eden Project",
    "segment": "Previously Active Listeners"
  },
  {
    "artistName": "Whales",
    "segment": "Light listeners"
  },
  {
    "artistName": "Kesha",
    "segment": "Previously Active Listeners"
  },
  {
    "artistName": "XO1",
    "segment": "Previously Active Listeners"
  },
  {
    "artistName": "豊浜のどか(CV:内田真礼)",
    "segment": "Moderate listeners"
  },
  {
    "artistName": "Time To Talk",
    "segment": "Previously Active Listeners"
  },
  {
    "artistName": "Lil Baby",
    "segment": "Previously Active Listeners"
  },
  {
    "artistName": "Neoni",
    "segment": "Moderate listeners"
  },
  {
    "artistName": "Crystal Castles",
    "segment": "Super Listeners"
  },
  {
    "artistName": "CHIKA",
    "segment": "Previously Active Listeners"
  },
  {
    "artistName": "PinkPantheress",
    "segment": "Moderate listeners"
  },
  {
    "artistName": "KalimeraNC",
    "segment": "Previously Active Listeners"
  },
  {
    "artistName": "2KE",
    "segment": "Super Listeners"
  },
  {
    "artistName": "Eminem",
    "segment": "Previously Active Listeners"
  },
  {
    "artistName": "Rob $tone",
    "segment": "Light listeners"
  },
  {
    "artistName": "ericdoa",
    "segment": "Moderate listeners"
  },
  {
    "artistName": "Beast Coast",
    "segment": "Previously Active Listeners"
  },
  {
    "artistName": "Groove Dealers",
    "segment": "Previously Active Listeners"
  },
  {
    "artistName": "Brooksie",
    "segment": "Previously Active Listeners"
  },
  {
    "artistName": "Wham!",
    "segment": "Previously Active Listeners"
  },
  {
    "artistName": "Bri Tolani",
    "segment": "Previously Active Listeners"
  },
  {
    "artistName": "MoonDeity",
    "segment": "Previously Active Listeners"
  },
  {
    "artistName": "guesthouse",
    "segment": "Previously Active Listeners"
  },
  {
    "artistName": "Caramella Girls",
    "segment": "Moderate listeners"
  },
  {
    "artistName": "Disney",
    "segment": "Previously Active Listeners"
  },
  {
    "artistName": "Joey Valence & Brae",
    "segment": "Light listeners"
  },
  {
    "artistName": "Laufey",
    "segment": "Super Listeners"
  },
  {
    "artistName": "Ice Nine Kills",
    "segment": "Previously Active Listeners"
  },
  {
    "artistName": "Lakim",
    "segment": "Previously Active Listeners"
  },
  {
    "artistName": "TOTO",
    "segment": "Light listeners"
  },
  {
    "artistName": "TWICE",
    "segment": "Light listeners"
  },
  {
    "artistName": "Bidlo",
    "segment": "Previously Active Listeners"
  },
  {
    "artistName": "Sista Prod",
    "segment": "Previously Active Listeners"
  },
  {
    "artistName": "Meghan Trainor",
    "segment": "Previously Active Listeners"
  },
  {
    "artistName": "bbno$",
    "segment": "Previously Active Listeners"
  },
  {
    "artistName": "Grover Washington, Jr.",
    "segment": "Previously Active Listeners"
  },
  {
    "artistName": "Currents",
    "segment": "Previously Active Listeners"
  },
  {
    "artistName": "Charuss",
    "segment": "Moderate listeners"
  },
  {
    "artistName": "Mako",
    "segment": "Previously Active Listeners"
  },
  {
    "artistName": "Eurythmics",
    "segment": "Previously Active Listeners"
  },
  {
    "artistName": "EyeKeem",
    "segment": "Light listeners"
  },
  {
    "artistName": "Thousand Foot Krutch",
    "segment": "Previously Active Listeners"
  },
  {
    "artistName": "DJ JL3 DA ZN",
    "segment": "Previously Active Listeners"
  },
  {
    "artistName": "Blad33",
    "segment": "Previously Active Listeners"
  },
  {
    "artistName": "Cammie",
    "segment": "Previously Active Listeners"
  },
  {
    "artistName": "Teriyaki Boyz",
    "segment": "Previously Active Listeners"
  },
  {
    "artistName": "Sugi.wa",
    "segment": "Previously Active Listeners"
  },
  {
    "artistName": "Pebbles&TamTam",
    "segment": "Previously Active Listeners"
  },
  {
    "artistName": "AmbVsh",
    "segment": "Super Listeners"
  },
  {
    "artistName": "KENTENSHI",
    "segment": "Previously Active Listeners"
  },
  {
    "artistName": "Scary Kids Scaring Kids",
    "segment": "Previously Active Listeners"
  },
  {
    "artistName": "Martin Garrix",
    "segment": "Previously Active Listeners"
  },
  {
    "artistName": "CURSEDEVIL",
    "segment": "Previously Active Listeners"
  },
  {
    "artistName": "DevTakeFlight",
    "segment": "Previously Active Listeners"
  },
  {
    "artistName": "Lil Mabu",
    "segment": "Previously Active Listeners"
  },
  {
    "artistName": "Playboi Carti",
    "segment": "Super Listeners"
  },
  {
    "artistName": "Avenged Sevenfold",
    "segment": "Previously Active Listeners"
  },
  {
    "artistName": "Bigstevedzn",
    "segment": "Previously Active Listeners"
  },
  {
    "artistName": "Willy William",
    "segment": "Previously Active Listeners"
  },
  {
    "artistName": "deadman 死人",
    "segment": "Previously Active Listeners"
  },
  {
    "artistName": "Kota the Friend",
    "segment": "Previously Active Listeners"
  },
  {
    "artistName": "Memphis Cult",
    "segment": "Previously Active Listeners"
  },
  {
    "artistName": "Lil Pump",
    "segment": "Previously Active Listeners"
  },
  {
    "artistName": "KCHAZE",
    "segment": "Moderate listeners"
  },
  {
    "artistName": "CodeinD",
    "segment": "Previously Active Listeners"
  },
  {
    "artistName": "Bdcmbio",
    "segment": "Previously Active Listeners"
  },
  {
    "artistName": "sonoinfame",
    "segment": "Previously Active Listeners"
  },
  {
    "artistName": "brakence",
    "segment": "Light listeners"
  },
  {
    "artistName": "Adventure Time",
    "segment": "Previously Active Listeners"
  },
  {
    "artistName": "TOKYOSLEEP",
    "segment": "Previously Active Listeners"
  },
  {
    "artistName": "Kaiya",
    "segment": "Previously Active Listeners"
  },
  {
    "artistName": "Matt Cornett",
    "segment": "Previously Active Listeners"
  },
  {
    "artistName": "David Guetta",
    "segment": "Previously Active Listeners"
  },
  {
    "artistName": "Crown The Empire",
    "segment": "Previously Active Listeners"
  },
  {
    "artistName": "Teezo Touchdown",
    "segment": "Previously Active Listeners"
  },
  {
    "artistName": "It's Never Lupus",
    "segment": "Previously Active Listeners"
  },
  {
    "artistName": "Camila Cabello",
    "segment": "Moderate listeners"
  },
  {
    "artistName": "Good Kid",
    "segment": "Light listeners"
  },
  {
    "artistName": "Daft Punk",
    "segment": "Previously Active Listeners"
  },
  {
    "artistName": "Imogen Heap",
    "segment": "Moderate listeners"
  },
  {
    "artistName": "Alan Walker",
    "segment": "Previously Active Listeners"
  },
  {
    "artistName": "Stellar",
    "segment": "Previously Active Listeners"
  },
  {
    "artistName": "Yuno Miles",
    "segment": "Previously Active Listeners"
  },
  {
    "artistName": "Scooby",
    "segment": "Previously Active Listeners"
  },
  {
    "artistName": "Veronica Bravo",
    "segment": "Light listeners"
  },
  {
    "artistName": "Destroy Lonely",
    "segment": "Previously Active Listeners"
  },
  {
    "artistName": "AJR",
    "segment": "Previously Active Listeners"
  },
  {
    "artistName": "Gloria Gaynor",
    "segment": "Moderate listeners"
  },
  {
    "artistName": "Vierre Cloud",
    "segment": "Previously Active Listeners"
  },
  {
    "artistName": "Tommee Profitt",
    "segment": "Previously Active Listeners"
  },
  {
    "artistName": "Bambee",
    "segment": "Previously Active Listeners"
  },
  {
    "artistName": "MDK",
    "segment": "Previously Active Listeners"
  },
  {
    "artistName": "SZA",
    "segment": "Moderate listeners"
  },
  {
    "artistName": "Speedranch",
    "segment": "Previously Active Listeners"
  },
  {
    "artistName": "Mofe.",
    "segment": "Previously Active Listeners"
  },
  {
    "artistName": "NAV",
    "segment": "Previously Active Listeners"
  },
  {
    "artistName": "Ciscaux",
    "segment": "Light listeners"
  },
  {
    "artistName": "22december",
    "segment": "Previously Active Listeners"
  },
  {
    "artistName": "O.J.C",
    "segment": "Previously Active Listeners"
  },
  {
    "artistName": "Defqwop",
    "segment": "Previously Active Listeners"
  },
  {
    "artistName": "Rude E9",
    "segment": "Previously Active Listeners"
  },
  {
    "artistName": "Kratos",
    "segment": "Previously Active Listeners"
  },
  {
    "artistName": "CORBAL",
    "segment": "Previously Active Listeners"
  },
  {
    "artistName": "Mwizz",
    "segment": "Previously Active Listeners"
  },
  {
    "artistName": "MILLI",
    "segment": "Previously Active Listeners"
  },
  {
    "artistName": "Louis Capone",
    "segment": "Light listeners"
  },
  {
    "artistName": "William Jacobs",
    "segment": "Previously Active Listeners"
  },
  {
    "artistName": "Hozier",
    "segment": "Previously Active Listeners"
  },
  {
    "artistName": "dj Shawny",
    "segment": "Light listeners"
  },
  {
    "artistName": "Coldplay",
    "segment": "Light listeners"
  },
  {
    "artistName": "queze",
    "segment": "Previously Active Listeners"
  },
  {
    "artistName": "Ugovhb",
    "segment": "Super Listeners"
  },
  {
    "artistName": "Harmless",
    "segment": "Previously Active Listeners"
  },
  {
    "artistName": "Ed Sheeran",
    "segment": "Previously Active Listeners"
  },
  {
    "artistName": "アトラスサウンドチーム",
    "segment": "Previously Active Listeners"
  },
  {
    "artistName": "Brandy",
    "segment": "Previously Active Listeners"
  },
  {
    "artistName": "Jack Harlow",
    "segment": "Light listeners"
  },
  {
    "artistName": "Sped Up Songs + Nightcore",
    "segment": "Previously Active Listeners"
  },
  {
    "artistName": "Slaydit",
    "segment": "Light listeners"
  },
  {
    "artistName": "Post Malone",
    "segment": "Super Listeners"
  },
  {
    "artistName": "Matt Maltese",
    "segment": "Previously Active Listeners"
  },
  {
    "artistName": "nxtjvr",
    "segment": "Previously Active Listeners"
  },
  {
    "artistName": "glichery",
    "segment": "Previously Active Listeners"
  },
  {
    "artistName": "GAYLE",
    "segment": "Previously Active Listeners"
  },
  {
    "artistName": "The Surfaris",
    "segment": "Previously Active Listeners"
  },
  {
    "artistName": "Nia.wave",
    "segment": "Previously Active Listeners"
  },
  {
    "artistName": "my head is empty",
    "segment": "Moderate listeners"
  },
  {
    "artistName": "Chris Brown",
    "segment": "Previously Active Listeners"
  },
  {
    "artistName": "Elijah Nang",
    "segment": "Previously Active Listeners"
  },
  {
    "artistName": "Lil Dew'",
    "segment": "Previously Active Listeners"
  },
  {
    "artistName": "Levis Remix",
    "segment": "Previously Active Listeners"
  },
  {
    "artistName": "Tyga",
    "segment": "Previously Active Listeners"
  },
  {
    "artistName": "X4NN3X",
    "segment": "Previously Active Listeners"
  },
  {
    "artistName": "Stunna 4 Vegas",
    "segment": "Previously Active Listeners"
  },
  {
    "artistName": "Sevven",
    "segment": "Previously Active Listeners"
  },
  {
    "artistName": "Kid Cudi",
    "segment": "Previously Active Listeners"
  },
  {
    "artistName": "Ayparia",
    "segment": "Previously Active Listeners"
  },
  {
    "artistName": "Spektrem",
    "segment": "Light listeners"
  },
  {
    "artistName": "Shallipopi",
    "segment": "Previously Active Listeners"
  },
  {
    "artistName": "YOASOBI",
    "segment": "Moderate listeners"
  },
  {
    "artistName": "Rufi-O",
    "segment": "Previously Active Listeners"
  },
  {
    "artistName": "Jadakiss",
    "segment": "Light listeners"
  },
  {
    "artistName": "Vaeo",
    "segment": "Previously Active Listeners"
  },
  {
    "artistName": "Luci4",
    "segment": "Light listeners"
  },
  {
    "artistName": "Holy Tony",
    "segment": "Previously Active Listeners"
  },
  {
    "artistName": "Eric Reprid",
    "segment": "Previously Active Listeners"
  },
  {
    "artistName": "DJ Fronteo",
    "segment": "Previously Active Listeners"
  },
  {
    "artistName": "B.E.R.",
    "segment": "Previously Active Listeners"
  },
  {
    "artistName": ".M-M.",
    "segment": "Previously Active Listeners"
  },
  {
    "artistName": "Kevin MacLeod",
    "segment": "Previously Active Listeners"
  },
  {
    "artistName": "Christian Nodal",
    "segment": "Previously Active Listeners"
  },
  {
    "artistName": "LISA",
    "segment": "Previously Active Listeners"
  },
  {
    "artistName": "Kris \"Rain Man\" Trindl",
    "segment": "Previously Active Listeners"
  },
  {
    "artistName": "MIRANI",
    "segment": "Previously Active Listeners"
  },
  {
    "artistName": "Calvin Harris",
    "segment": "Moderate listeners"
  },
  {
    "artistName": "Gunna",
    "segment": "Previously Active Listeners"
  },
  {
    "artistName": "Siinamota",
    "segment": "Moderate listeners"
  },
  {
    "artistName": "Alfons",
    "segment": "Previously Active Listeners"
  },
  {
    "artistName": "SECA Records",
    "segment": "Previously Active Listeners"
  },
  {
    "artistName": "牧之原翔子(CV:水瀬いのり)",
    "segment": "Moderate listeners"
  },
  {
    "artistName": "League of Legends",
    "segment": "Super Listeners"
  },
  {
    "artistName": "Anitta",
    "segment": "Previously Active Listeners"
  },
  {
    "artistName": "Adele",
    "segment": "Previously Active Listeners"
  },
  {
    "artistName": "Shotgun Willy",
    "segment": "Previously Active Listeners"
  },
  {
    "artistName": "NerdOut",
    "segment": "Previously Active Listeners"
  },
  {
    "artistName": "Eurobeat Brony",
    "segment": "Previously Active Listeners"
  },
  {
    "artistName": "Lucian",
    "segment": "Moderate listeners"
  },
  {
    "artistName": "Timbaland",
    "segment": "Light listeners"
  },
  {
    "artistName": "DJ Wizard",
    "segment": "Previously Active Listeners"
  },
  {
    "artistName": "808iuli",
    "segment": "Super Listeners"
  },
  {
    "artistName": "Lox Chatterbox",
    "segment": "Light listeners"
  },
  {
    "artistName": "g3ox_em",
    "segment": "Previously Active Listeners"
  },
  {
    "artistName": "Jay Kim",
    "segment": "Previously Active Listeners"
  },
  {
    "artistName": "Miki Matsubara",
    "segment": "Previously Active Listeners"
  },
  {
    "artistName": "KORNDAWG",
    "segment": "Light listeners"
  },
  {
    "artistName": "Slipknot",
    "segment": "Previously Active Listeners"
  },
  {
    "artistName": "TRASHXRL",
    "segment": "Previously Active Listeners"
  },
  {
    "artistName": "no one's perfect",
    "segment": "Previously Active Listeners"
  },
  {
    "artistName": "Mark Tuan",
    "segment": "Moderate listeners"
  },
  {
    "artistName": "DJ Pho",
    "segment": "Previously Active Listeners"
  },
  {
    "artistName": "void",
    "segment": "Light listeners"
  },
  {
    "artistName": "Lil Peep",
    "segment": "Moderate listeners"
  },
  {
    "artistName": "Rendra 89",
    "segment": "Previously Active Listeners"
  },
  {
    "artistName": "Eric Evhenry",
    "segment": "Previously Active Listeners"
  },
  {
    "artistName": "Ali Özdemir",
    "segment": "Previously Active Listeners"
  },
  {
    "artistName": "Kebab Express",
    "segment": "Previously Active Listeners"
  },
  {
    "artistName": "Mikk Mäe",
    "segment": "Moderate listeners"
  },
  {
    "artistName": "KYLE",
    "segment": "Previously Active Listeners"
  },
  {
    "artistName": "Julia Lester",
    "segment": "Previously Active Listeners"
  },
  {
    "artistName": "Metro Boomin",
    "segment": "Light listeners"
  },
  {
    "artistName": "yungalligator",
    "segment": "Light listeners"
  },
  {
    "artistName": "Kalmi",
    "segment": "Super Listeners"
  },
  {
    "artistName": "Sophia Somajo",
    "segment": "Previously Active Listeners"
  },
  {
    "artistName": "TEEKI JUGA",
    "segment": "Previously Active Listeners"
  },
  {
    "artistName": "Dontcry",
    "segment": "Previously Active Listeners"
  },
  {
    "artistName": "Chill Fruits Music",
    "segment": "Previously Active Listeners"
  },
  {
    "artistName": "Leon Bridges",
    "segment": "Previously Active Listeners"
  },
  {
    "artistName": "THE BINARY",
    "segment": "Previously Active Listeners"
  },
  {
    "artistName": "Make Them Suffer",
    "segment": "Previously Active Listeners"
  },
  {
    "artistName": "Sum 41",
    "segment": "Previously Active Listeners"
  },
  {
    "artistName": "Maroon 5",
    "segment": "Light listeners"
  },
  {
    "artistName": "Chief Keef",
    "segment": "Moderate listeners"
  },
  {
    "artistName": "Enrique Iglesias",
    "segment": "Light listeners"
  },
  {
    "artistName": "DTB olmo",
    "segment": "Previously Active Listeners"
  },
  {
    "artistName": "CyYu",
    "segment": "Previously Active Listeners"
  },
  {
    "artistName": "mikeeysmind",
    "segment": "Previously Active Listeners"
  },
  {
    "artistName": "J-swae",
    "segment": "Previously Active Listeners"
  },
  {
    "artistName": "$uicideboy$",
    "segment": "Moderate listeners"
  },
  {
    "artistName": "\"Weird Al\" Yankovic",
    "segment": "Previously Active Listeners"
  },
  {
    "artistName": "Bill Medley",
    "segment": "Previously Active Listeners"
  },
  {
    "artistName": "9lives",
    "segment": "Super Listeners"
  },
  {
    "artistName": "Joseline Hernandez",
    "segment": "Previously Active Listeners"
  },
  {
    "artistName": "Sevdaliza",
    "segment": "Moderate listeners"
  },
  {
    "artistName": "Slushii",
    "segment": "Previously Active Listeners"
  },
  {
    "artistName": "Plankton",
    "segment": "Previously Active Listeners"
  },
  {
    "artistName": "Asena",
    "segment": "Previously Active Listeners"
  },
  {
    "artistName": "Dave Stewart",
    "segment": "Previously Active Listeners"
  },
  {
    "artistName": "iluvvmyclique",
    "segment": "Light listeners"
  },
  {
    "artistName": "yatashigang",
    "segment": "Light listeners"
  },
  {
    "artistName": "PHONKY KONG",
    "segment": "Previously Active Listeners"
  },
  {
    "artistName": "DRIVEtotheVIBE",
    "segment": "Previously Active Listeners"
  },
  {
    "artistName": "LLusion",
    "segment": "Previously Active Listeners"
  },
  {
    "artistName": "Fatty Spins",
    "segment": "Previously Active Listeners"
  },
  {
    "artistName": "Shaboozey",
    "segment": "Previously Active Listeners"
  },
  {
    "artistName": "Andrea Bocelli",
    "segment": "Previously Active Listeners"
  },
  {
    "artistName": "Trap Music Now",
    "segment": "Previously Active Listeners"
  },
  {
    "artistName": "Ichika Nito",
    "segment": "Previously Active Listeners"
  },
  {
    "artistName": "NEFFEX",
    "segment": "Previously Active Listeners"
  },
  {
    "artistName": "Hudson Mohawke",
    "segment": "Previously Active Listeners"
  },
  {
    "artistName": "dat1quietkid",
    "segment": "Previously Active Listeners"
  },
  {
    "artistName": "The Killers",
    "segment": "Light listeners"
  },
  {
    "artistName": "Guitarrista de Atena",
    "segment": "Previously Active Listeners"
  },
  {
    "artistName": "Ellie Goulding",
    "segment": "Moderate listeners"
  },
  {
    "artistName": "Shae OT",
    "segment": "Previously Active Listeners"
  },
  {
    "artistName": "The Word Alive",
    "segment": "Previously Active Listeners"
  },
  {
    "artistName": "safetypleace",
    "segment": "Previously Active Listeners"
  },
  {
    "artistName": "Leonz",
    "segment": "Previously Active Listeners"
  },
  {
    "artistName": "K'NAAN",
    "segment": "Light listeners"
  },
  {
    "artistName": "Alexander Rybak",
    "segment": "Moderate listeners"
  },
  {
    "artistName": "hako",
    "segment": "Previously Active Listeners"
  },
  {
    "artistName": "Grant Witchard",
    "segment": "Previously Active Listeners"
  },
  {
    "artistName": "Annie Lennox",
    "segment": "Previously Active Listeners"
  },
  {
    "artistName": "Sophie Ellis-Bextor",
    "segment": "Previously Active Listeners"
  },
  {
    "artistName": "SyKo",
    "segment": "Previously Active Listeners"
  },
  {
    "artistName": "Silk Sonic",
    "segment": "Previously Active Listeners"
  },
  {
    "artistName": "Alesana",
    "segment": "Previously Active Listeners"
  },
  {
    "artistName": "Lil Darkie",
    "segment": "Light listeners"
  },
  {
    "artistName": "Cochise",
    "segment": "Previously Active Listeners"
  },
  {
    "artistName": "FXRCE",
    "segment": "Previously Active Listeners"
  },
  {
    "artistName": "347aidan",
    "segment": "Previously Active Listeners"
  },
  {
    "artistName": "Scythermane",
    "segment": "Previously Active Listeners"
  },
  {
    "artistName": "YDDN",
    "segment": "Previously Active Listeners"
  },
  {
    "artistName": "Green Day",
    "segment": "Previously Active Listeners"
  },
  {
    "artistName": "Indila",
    "segment": "Light listeners"
  },
  {
    "artistName": "Plain White T's",
    "segment": "Previously Active Listeners"
  },
  {
    "artistName": "Jeethz",
    "segment": "Light listeners"
  },
  {
    "artistName": "Xenoner",
    "segment": "Previously Active Listeners"
  },
  {
    "artistName": "aizy",
    "segment": "Light listeners"
  },
  {
    "artistName": "Doja Cat",
    "segment": "Previously Active Listeners"
  },
  {
    "artistName": "Beach Weather",
    "segment": "Light listeners"
  },
  {
    "artistName": "eevee",
    "segment": "Previously Active Listeners"
  },
  {
    "artistName": "Montana99",
    "segment": "Previously Active Listeners"
  },
  {
    "artistName": "Misfit",
    "segment": "Previously Active Listeners"
  },
  {
    "artistName": "Vectury",
    "segment": "Previously Active Listeners"
  },
  {
    "artistName": "The Walters",
    "segment": "Previously Active Listeners"
  },
  {
    "artistName": "Olivia Rodrigo",
    "segment": "Super Listeners"
  },
  {
    "artistName": "Dido",
    "segment": "Previously Active Listeners"
  },
  {
    "artistName": "Paramore",
    "segment": "Previously Active Listeners"
  },
  {
    "artistName": "DJ MOIGUS",
    "segment": "Previously Active Listeners"
  },
  {
    "artistName": "sped up 8282",
    "segment": "Previously Active Listeners"
  },
  {
    "artistName": "Internet Money",
    "segment": "Previously Active Listeners"
  },
  {
    "artistName": "Hoodie Allen",
    "segment": "Previously Active Listeners"
  },
  {
    "artistName": "Megan Thee Stallion",
    "segment": "Previously Active Listeners"
  },
  {
    "artistName": "DVRST",
    "segment": "Previously Active Listeners"
  },
  {
    "artistName": "London Yellow",
    "segment": "Previously Active Listeners"
  },
  {
    "artistName": "Central Cee",
    "segment": "Previously Active Listeners"
  },
  {
    "artistName": "A Boogie Wit da Hoodie",
    "segment": "Moderate listeners"
  },
  {
    "artistName": "Fred again..",
    "segment": "Previously Active Listeners"
  },
  {
    "artistName": "amies",
    "segment": "Previously Active Listeners"
  },
  {
    "artistName": "Dixon Dallas",
    "segment": "Previously Active Listeners"
  },
  {
    "artistName": "One Direction",
    "segment": "Previously Active Listeners"
  },
  {
    "artistName": "GroovyRoom",
    "segment": "Previously Active Listeners"
  },
  {
    "artistName": "Freddo",
    "segment": "Previously Active Listeners"
  },
  {
    "artistName": "Friedrich Habetler",
    "segment": "Previously Active Listeners"
  },
  {
    "artistName": "Mc Delux",
    "segment": "Previously Active Listeners"
  },
  {
    "artistName": "DJ RIO",
    "segment": "Super Listeners"
  },
  {
    "artistName": "Miley Cyrus",
    "segment": "Previously Active Listeners"
  },
  {
    "artistName": "Cartoon",
    "segment": "Moderate listeners"
  },
  {
    "artistName": "Dybbukk",
    "segment": "Previously Active Listeners"
  },
  {
    "artistName": "LOONA",
    "segment": "Moderate listeners"
  },
  {
    "artistName": "Clovis Reyes",
    "segment": "Light listeners"
  },
  {
    "artistName": "Swedish House Mafia",
    "segment": "Previously Active Listeners"
  },
  {
    "artistName": "Shiloh Dynasty",
    "segment": "Previously Active Listeners"
  },
  {
    "artistName": "Brennan Story",
    "segment": "Previously Active Listeners"
  },
  {
    "artistName": "Kobaryo",
    "segment": "Previously Active Listeners"
  },
  {
    "artistName": "glwzbll",
    "segment": "Previously Active Listeners"
  },
  {
    "artistName": "Atwood",
    "segment": "Light listeners"
  },
  {
    "artistName": "lIlBOI",
    "segment": "Previously Active Listeners"
  },
  {
    "artistName": "Ski Mask The Slump God",
    "segment": "Previously Active Listeners"
  },
  {
    "artistName": "Artemas",
    "segment": "Light listeners"
  },
  {
    "artistName": "The Internet",
    "segment": "Previously Active Listeners"
  },
  {
    "artistName": "My Chemical Romance",
    "segment": "Previously Active Listeners"
  },
  {
    "artistName": "JID",
    "segment": "Light listeners"
  },
  {
    "artistName": "Wight Kid",
    "segment": "Previously Active Listeners"
  },
  {
    "artistName": "R-shitei",
    "segment": "Previously Active Listeners"
  },
  {
    "artistName": "DripReport",
    "segment": "Previously Active Listeners"
  },
  {
    "artistName": "Big Sean",
    "segment": "Light listeners"
  },
  {
    "artistName": "Sparky",
    "segment": "Light listeners"
  },
  {
    "artistName": "Dybbukk Covers",
    "segment": "Previously Active Listeners"
  },
  {
    "artistName": "Mac DeMarco",
    "segment": "Previously Active Listeners"
  },
  {
    "artistName": "EzdriaL",
    "segment": "Previously Active Listeners"
  },
  {
    "artistName": "чачкалица",
    "segment": "Previously Active Listeners"
  },
  {
    "artistName": "marchi",
    "segment": "Previously Active Listeners"
  },
  {
    "artistName": "De Xian Rong",
    "segment": "Previously Active Listeners"
  }
]