[
  {
    "platform" : "WIN32_X86_64",
    "searchTime" : "2024-06-28T10:08:20.935Z[UTC]",
    "searchQuery" : "sk",
    "searchInteractionURIs" : [
    ]
  },
  {
    "platform" : "WIN32_X86_64",
    "searchTime" : "2024-07-02T15:00:43.788Z[UTC]",
    "searchQuery" : "con ",
    "searchInteractionURIs" : [
    ]
  },
  {
    "platform" : "WIN32_X86_64",
    "searchTime" : "2024-07-03T11:00:48.078Z[UTC]",
    "searchQuery" : "lu",
    "searchInteractionURIs" : [
    ]
  },
  {
    "platform" : "WIN32_X86_64",
    "searchTime" : "2024-07-03T11:29:13.610Z[UTC]",
    "searchQuery" : "million",
    "searchInteractionURIs" : [
    ]
  },
  {
    "platform" : "WIN32_X86_64",
    "searchTime" : "2024-07-03T11:29:13.628Z[UTC]",
    "searchQuery" : "mill",
    "searchInteractionURIs" : [
    ]
  },
  {
    "platform" : "WIN32_X86_64",
    "searchTime" : "2024-07-03T11:41:14.814Z[UTC]",
    "searchQuery" : "we need ",
    "searchInteractionURIs" : [
    ]
  },
  {
    "platform" : "WIN32_X86_64",
    "searchTime" : "2024-07-03T11:41:15.200Z[UTC]",
    "searchQuery" : "we need",
    "searchInteractionURIs" : [
    ]
  },
  {
    "platform" : "WIN32_X86_64",
    "searchTime" : "2024-07-03T11:41:17.907Z[UTC]",
    "searchQuery" : "we hate russ",
    "searchInteractionURIs" : [
    ]
  },
  {
    "platform" : "WIN32_X86_64",
    "searchTime" : "2024-07-03T11:41:17.997Z[UTC]",
    "searchQuery" : "we hate russ",
    "searchInteractionURIs" : [
    ]
  },
  {
    "platform" : "WIN32_X86_64",
    "searchTime" : "2024-07-03T11:41:18.956Z[UTC]",
    "searchQuery" : "we hate russell",
    "searchInteractionURIs" : [
    ]
  },
  {
    "platform" : "IPHONE",
    "searchTime" : "2024-07-05T20:35:47.194Z[UTC]",
    "searchQuery" : "kill",
    "searchInteractionURIs" : [
      "spotify:track:3OHfY25tqY28d16oZczHc8"
    ]
  },
  {
    "platform" : "IPHONE",
    "searchTime" : "2024-07-06T14:55:49.241Z[UTC]",
    "searchQuery" : "camilla",
    "searchInteractionURIs" : [
      "spotify:artist:4nDoRrQiYLoBzwC5BhVJzF"
    ]
  },
  {
    "platform" : "IPHONE",
    "searchTime" : "2024-07-06T15:03:39.771Z[UTC]",
    "searchQuery" : "oli",
    "searchInteractionURIs" : [
      "spotify:artist:1McMsnEElThX1knmY4oliG"
    ]
  },
  {
    "platform" : "IPHONE",
    "searchTime" : "2024-07-06T15:07:33.400Z[UTC]",
    "searchQuery" : "avril",
    "searchInteractionURIs" : [
      "spotify:artist:0p4nmQO2msCgU4IF37Wi3j"
    ]
  },
  {
    "platform" : "IPHONE",
    "searchTime" : "2024-07-06T15:09:31.007Z[UTC]",
    "searchQuery" : "still int",
    "searchInteractionURIs" : [
      "spotify:track:3SXXFIZel1VQQ4ENiqozxi"
    ]
  },
  {
    "platform" : "IPHONE_ARM64",
    "searchTime" : "2024-07-08T19:57:14.093Z[UTC]",
    "searchQuery" : "g",
    "searchInteractionURIs" : [
    ]
  },
  {
    "platform" : "IPHONE",
    "searchTime" : "2024-07-08T19:57:14.425Z[UTC]",
    "searchQuery" : "groomer ",
    "searchInteractionURIs" : [
      "spotify:episode:2mDWVewlk50DQM7gLOXy5U"
    ]
  },
  {
    "platform" : "IPHONE",
    "searchTime" : "2024-07-08T21:44:57.589Z[UTC]",
    "searchQuery" : "jolie",
    "searchInteractionURIs" : [
      "spotify:playlist:37i9dQZF1EJK8a68In16cv"
    ]
  },
  {
    "platform" : "IPHONE_ARM64",
    "searchTime" : "2024-07-08T22:12:05.902Z[UTC]",
    "searchQuery" : "maddiso",
    "searchInteractionURIs" : [
    ]
  },
  {
    "platform" : "IPHONE",
    "searchTime" : "2024-07-08T22:12:06.039Z[UTC]",
    "searchQuery" : "maddison",
    "searchInteractionURIs" : [
      "spotify:artist:2kRfqPViCqYdSGhYSM9R0Q",
      "spotify:artist:1Xyo4u8uXC1ZmMpatF05PJ"
    ]
  },
  {
    "platform" : "IPHONE_ARM64",
    "searchTime" : "2024-07-08T22:16:00.005Z[UTC]",
    "searchQuery" : "ye",
    "searchInteractionURIs" : [
    ]
  },
  {
    "platform" : "IPHONE",
    "searchTime" : "2024-07-08T22:16:18.319Z[UTC]",
    "searchQuery" : "yeezy",
    "searchInteractionURIs" : [
      "spotify:album:7D2NdGvBHIavgLhmcwhluK"
    ]
  },
  {
    "platform" : "IPHONE",
    "searchTime" : "2024-07-08T22:16:33.535Z[UTC]",
    "searchQuery" : "kanye west",
    "searchInteractionURIs" : [
      "spotify:artist:5K4W6rqBFWDnAN6FQUkS6x"
    ]
  },
  {
    "platform" : "IPHONE",
    "searchTime" : "2024-07-08T22:17:03.239Z[UTC]",
    "searchQuery" : "tayl",
    "searchInteractionURIs" : [
      "spotify:artist:06HL4z0CvFAxyc27GXpf02"
    ]
  },
  {
    "platform" : "IPHONE",
    "searchTime" : "2024-07-08T22:20:32.836Z[UTC]",
    "searchQuery" : "eminim",
    "searchInteractionURIs" : [
      "spotify:artist:2YZyLoL8N0Wb9xBt1NhZWg",
      "spotify:track:2HYFX63wP3otVIvopRS99Z",
      "spotify:artist:1Xyo4u8uXC1ZmMpatF05PJ",
      "spotify:artist:7dGJo4pcD2V6oG8kP0tJRR",
      "spotify:artist:0Y5tJX1MQlPlqiwlOH1tJY",
      "spotify:artist:74KM79TiuVKeVCqs8QtB0B",
      "spotify:artist:1McMsnEElThX1knmY4oliG"
    ]
  },
  {
    "platform" : "IPHONE",
    "searchTime" : "2024-07-08T22:26:55.834Z[UTC]",
    "searchQuery" : "jelly roll",
    "searchInteractionURIs" : [
      "spotify:artist:19k8AgwwTSxeaxkOuCQEJs"
    ]
  },
  {
    "platform" : "IPHONE",
    "searchTime" : "2024-07-08T22:29:28.894Z[UTC]",
    "searchQuery" : "y",
    "searchInteractionURIs" : [
    ]
  },
  {
    "platform" : "IPHONE_ARM64",
    "searchTime" : "2024-07-08T22:58:25.772Z[UTC]",
    "searchQuery" : "wer a",
    "searchInteractionURIs" : [
    ]
  },
  {
    "platform" : "IPHONE_ARM64",
    "searchTime" : "2024-07-08T22:58:26.426Z[UTC]",
    "searchQuery" : "we",
    "searchInteractionURIs" : [
    ]
  },
  {
    "platform" : "IPHONE",
    "searchTime" : "2024-07-08T22:58:29.062Z[UTC]",
    "searchQuery" : "wap",
    "searchInteractionURIs" : [
      "spotify:track:4Oun2ylbjFKMPTiaSbbCih"
    ]
  },
  {
    "platform" : "IPHONE",
    "searchTime" : "2024-07-08T22:59:52.475Z[UTC]",
    "searchQuery" : "megab ther",
    "searchInteractionURIs" : [
      "spotify:artist:181bsRPaVXVlUKXrxwZfHK"
    ]
  },
  {
    "platform" : "IPHONE",
    "searchTime" : "2024-07-08T23:00:04.890Z[UTC]",
    "searchQuery" : "wap",
    "searchInteractionURIs" : [
      "spotify:track:5BmB3OaQyYXCqRyN8iR2Yi",
      "spotify:playlist:6Yz90A9rYznGuLlcn1Nd7b",
      "spotify:album:4XveCuLxVbzB2XHiMFbm5Z"
    ]
  },
  {
    "platform" : "IPHONE",
    "searchTime" : "2024-07-08T23:01:40.782Z[UTC]",
    "searchQuery" : "lil pump",
    "searchInteractionURIs" : [
      "spotify:artist:3wyVrVrFCkukjdVIdirGVY"
    ]
  },
  {
    "platform" : "IPHONE_ARM64",
    "searchTime" : "2024-07-08T23:04:29.289Z[UTC]",
    "searchQuery" : "6",
    "searchInteractionURIs" : [
    ]
  },
  {
    "platform" : "IPHONE",
    "searchTime" : "2024-07-08T23:04:30.081Z[UTC]",
    "searchQuery" : "69",
    "searchInteractionURIs" : [
      "spotify:artist:7gZfnEnfiaHzxARJ2LeXrf"
    ]
  },
  {
    "platform" : "",
    "searchTime" : "2024-07-10T00:49:29.464Z[UTC]",
    "searchQuery" : "j",
    "searchInteractionURIs" : [
    ]
  },
  {
    "platform" : "",
    "searchTime" : "2024-07-10T00:49:29.557Z[UTC]",
    "searchQuery" : "j",
    "searchInteractionURIs" : [
    ]
  },
  {
    "platform" : "",
    "searchTime" : "2024-07-10T00:49:30.274Z[UTC]",
    "searchQuery" : "k",
    "searchInteractionURIs" : [
    ]
  },
  {
    "platform" : "IPHONE_ARM64",
    "searchTime" : "2024-07-10T00:49:30.491Z[UTC]",
    "searchQuery" : "k",
    "searchInteractionURIs" : [
    ]
  },
  {
    "platform" : "",
    "searchTime" : "2024-07-10T00:49:31.334Z[UTC]",
    "searchQuery" : "ke",
    "searchInteractionURIs" : [
    ]
  },
  {
    "platform" : "",
    "searchTime" : "2024-07-10T00:49:31.405Z[UTC]",
    "searchQuery" : "ke",
    "searchInteractionURIs" : [
    ]
  },
  {
    "platform" : "WIN32_X86_64",
    "searchTime" : "2024-07-12T20:19:56.774Z[UTC]",
    "searchQuery" : "dig ar",
    "searchInteractionURIs" : [
    ]
  },
  {
    "platform" : "WIN32_X86_64",
    "searchTime" : "2024-07-12T20:19:57.241Z[UTC]",
    "searchQuery" : "dig",
    "searchInteractionURIs" : [
    ]
  },
  {
    "platform" : "IPHONE",
    "searchTime" : "2024-07-18T01:24:29.275Z[UTC]",
    "searchQuery" : "I LOVE YOU HOE (feat. Odetari & 9lives) [IT'S YOooOOOUUuuuUU!] ODECORE",
    "searchInteractionURIs" : [
      "spotify:track:0NaUT74rJ0NHS62fewzatU"
    ]
  },
  {
    "platform" : "",
    "searchTime" : "2024-07-20T00:51:54.519Z[UTC]",
    "searchQuery" : "cus",
    "searchInteractionURIs" : [
    ]
  },
  {
    "platform" : "",
    "searchTime" : "2024-07-20T00:51:54.688Z[UTC]",
    "searchQuery" : "cus",
    "searchInteractionURIs" : [
    ]
  },
  {
    "platform" : "",
    "searchTime" : "2024-07-20T00:51:55.931Z[UTC]",
    "searchQuery" : "cust",
    "searchInteractionURIs" : [
    ]
  },
  {
    "platform" : "",
    "searchTime" : "2024-07-20T00:51:56.026Z[UTC]",
    "searchQuery" : "cust",
    "searchInteractionURIs" : [
    ]
  },
  {
    "platform" : "",
    "searchTime" : "2024-07-20T00:51:56.253Z[UTC]",
    "searchQuery" : "custe",
    "searchInteractionURIs" : [
    ]
  },
  {
    "platform" : "WIN32_X86_64",
    "searchTime" : "2024-07-20T00:51:56.330Z[UTC]",
    "searchQuery" : "custe",
    "searchInteractionURIs" : [
    ]
  },
  {
    "platform" : "",
    "searchTime" : "2024-07-20T00:51:56.354Z[UTC]",
    "searchQuery" : "custe",
    "searchInteractionURIs" : [
    ]
  },
  {
    "platform" : "WIN32_X86_64",
    "searchTime" : "2024-07-21T02:40:42.485Z[UTC]",
    "searchQuery" : "t",
    "searchInteractionURIs" : [
    ]
  },
  {
    "platform" : "WIN32_X86_64",
    "searchTime" : "2024-07-21T02:40:42.749Z[UTC]",
    "searchQuery" : "tha",
    "searchInteractionURIs" : [
    ]
  },
  {
    "platform" : "IPHONE",
    "searchTime" : "2024-07-23T01:36:25.869Z[UTC]",
    "searchQuery" : "gay country",
    "searchInteractionURIs" : [
      "spotify:track:1BHse4ulQefGTZZIeziZqr",
      "spotify:playlist:58wkFYsM9IQuk4gt4HcWRG"
    ]
  },
  {
    "platform" : "IPHONE",
    "searchTime" : "2024-07-23T04:16:33.519Z[UTC]",
    "searchQuery" : "Who Is She? I Monster",
    "searchInteractionURIs" : [
      "spotify:track:1QxcWlk8PivolUaWcpAoNq"
    ]
  },
  {
    "platform" : "WIN32_X86_64",
    "searchTime" : "2024-07-29T03:02:33.050Z[UTC]",
    "searchQuery" : "pai pai",
    "searchInteractionURIs" : [
    ]
  },
  {
    "platform" : "WIN32_X86_64",
    "searchTime" : "2024-07-31T09:01:24.551Z[UTC]",
    "searchQuery" : "hone",
    "searchInteractionURIs" : [
    ]
  },
  {
    "platform" : "WIN32_X86_64",
    "searchTime" : "2024-07-31T09:02:37.291Z[UTC]",
    "searchQuery" : "bumb",
    "searchInteractionURIs" : [
    ]
  },
  {
    "platform" : "WIN32_X86_64",
    "searchTime" : "2024-07-31T09:03:17.202Z[UTC]",
    "searchQuery" : "dancing",
    "searchInteractionURIs" : [
    ]
  },
  {
    "platform" : "WIN32_X86_64",
    "searchTime" : "2024-07-31T09:03:20.677Z[UTC]",
    "searchQuery" : "dancin",
    "searchInteractionURIs" : [
    ]
  },
  {
    "platform" : "IPHONE",
    "searchTime" : "2024-08-02T12:43:00.070Z[UTC]",
    "searchQuery" : "ice ",
    "searchInteractionURIs" : [
      "spotify:artist:3LZZPxNDGDFVSIPqf4JuEf"
    ]
  },
  {
    "platform" : "IPHONE_ARM64",
    "searchTime" : "2024-08-02T12:43:48.927Z[UTC]",
    "searchQuery" : "cen",
    "searchInteractionURIs" : [
    ]
  },
  {
    "platform" : "IPHONE",
    "searchTime" : "2024-08-02T12:43:49.501Z[UTC]",
    "searchQuery" : "cent",
    "searchInteractionURIs" : [
      "spotify:artist:5H4yInM5zmHqpKIoMNAx4r",
      "spotify:artist:3LZZPxNDGDFVSIPqf4JuEf"
    ]
  },
  {
    "platform" : "WIN32_X86_64",
    "searchTime" : "2024-08-04T06:00:11.218Z[UTC]",
    "searchQuery" : "flawless",
    "searchInteractionURIs" : [
    ]
  },
  {
    "platform" : "IPHONE",
    "searchTime" : "2024-08-05T13:27:12.924Z[UTC]",
    "searchQuery" : "komo",
    "searchInteractionURIs" : [
      "spotify:track:1EwIdgeVfiXTIDfFHpgqfI"
    ]
  },
  {
    "platform" : "IPHONE",
    "searchTime" : "2024-08-05T13:27:49.054Z[UTC]",
    "searchQuery" : "komp",
    "searchInteractionURIs" : [
      "spotify:track:44HTE9IdjUk01DEAp54amH",
      "spotify:track:6LCIDTgSgQtpzXTW5FpW12"
    ]
  },
  {
    "platform" : "IPHONE",
    "searchTime" : "2024-08-05T13:29:00.286Z[UTC]",
    "searchQuery" : "ice ",
    "searchInteractionURIs" : [
      "spotify:artist:3LZZPxNDGDFVSIPqf4JuEf"
    ]
  },
  {
    "platform" : "IPHONE",
    "searchTime" : "2024-08-05T13:33:17.394Z[UTC]",
    "searchQuery" : "mun",
    "searchInteractionURIs" : [
      "spotify:track:1jOgJN75btuUONIdf57vHz",
      "spotify:track:61vyXXtY7OSYFRtSzv5ehw",
      "spotify:album:0LgFPcU3P2HLGUtBQTBBpv"
    ]
  },
  {
    "platform" : "WIN32_X86_64",
    "searchTime" : "2024-08-05T14:05:50.626Z[UTC]",
    "searchQuery" : "jung f",
    "searchInteractionURIs" : [
    ]
  },
  {
    "platform" : "WIN32_X86_64",
    "searchTime" : "2024-08-08T15:17:02.124Z[UTC]",
    "searchQuery" : "monest",
    "searchInteractionURIs" : [
    ]
  },
  {
    "platform" : "WIN32_X86_64",
    "searchTime" : "2024-08-08T15:17:13.350Z[UTC]",
    "searchQuery" : "monsters and m",
    "searchInteractionURIs" : [
    ]
  },
  {
    "platform" : "WIN32_X86_64",
    "searchTime" : "2024-08-13T05:01:51.673Z[UTC]",
    "searchQuery" : "despic",
    "searchInteractionURIs" : [
    ]
  },
  {
    "platform" : "WIN32_X86_64",
    "searchTime" : "2024-08-13T05:01:53.941Z[UTC]",
    "searchQuery" : "desp",
    "searchInteractionURIs" : [
    ]
  },
  {
    "platform" : "WIN32_X86_64",
    "searchTime" : "2024-08-13T05:01:55.650Z[UTC]",
    "searchQuery" : "despicible me ",
    "searchInteractionURIs" : [
    ]
  },
  {
    "platform" : "WIN32_X86_64",
    "searchTime" : "2024-08-13T21:20:09.615Z[UTC]",
    "searchQuery" : "heart ",
    "searchInteractionURIs" : [
    ]
  },
  {
    "platform" : "WIN32_X86_64",
    "searchTime" : "2024-08-13T21:20:12.440Z[UTC]",
    "searchQuery" : "heartbea",
    "searchInteractionURIs" : [
    ]
  },
  {
    "platform" : "WIN32_X86_64",
    "searchTime" : "2024-08-14T04:11:43.649Z[UTC]",
    "searchQuery" : "h",
    "searchInteractionURIs" : [
    ]
  },
  {
    "platform" : "WIN32_X86_64",
    "searchTime" : "2024-08-14T04:11:44.253Z[UTC]",
    "searchQuery" : "heart",
    "searchInteractionURIs" : [
    ]
  },
  {
    "platform" : "WIN32_X86_64",
    "searchTime" : "2024-08-14T04:14:09.178Z[UTC]",
    "searchQuery" : "heartbeat",
    "searchInteractionURIs" : [
    ]
  },
  {
    "platform" : "IPHONE",
    "searchTime" : "2024-08-24T01:29:50.894Z[UTC]",
    "searchQuery" : "taylor ",
    "searchInteractionURIs" : [
      "spotify:artist:06HL4z0CvFAxyc27GXpf02"
    ]
  },
  {
    "platform" : "IPHONE",
    "searchTime" : "2024-08-24T01:31:24.333Z[UTC]",
    "searchQuery" : "the week",
    "searchInteractionURIs" : [
      "spotify:artist:1Xyo4u8uXC1ZmMpatF05PJ"
    ]
  },
  {
    "platform" : "IPHONE",
    "searchTime" : "2024-08-24T01:32:00.892Z[UTC]",
    "searchQuery" : "sab",
    "searchInteractionURIs" : [
      "spotify:artist:74KM79TiuVKeVCqs8QtB0B",
      "spotify:artist:66CXWjxzNUsdJxJ2JdwvnR"
    ]
  },
  {
    "platform" : "IPHONE",
    "searchTime" : "2024-08-24T01:32:39.826Z[UTC]",
    "searchQuery" : "bill",
    "searchInteractionURIs" : [
      "spotify:artist:6qqNVTkY8uBg9cP3Jd7DAH"
    ]
  },
  {
    "platform" : "WIN32_X86_64",
    "searchTime" : "2024-08-24T02:45:10.010Z[UTC]",
    "searchQuery" : "everythiong blaxk ",
    "searchInteractionURIs" : [
    ]
  },
  {
    "platform" : "WIN32_X86_64",
    "searchTime" : "2024-08-24T02:45:11.148Z[UTC]",
    "searchQuery" : "everythiong blck ",
    "searchInteractionURIs" : [
    ]
  },
  {
    "platform" : "WIN32_X86_64",
    "searchTime" : "2024-08-24T02:45:17.818Z[UTC]",
    "searchQuery" : "everythiong black",
    "searchInteractionURIs" : [
    ]
  },
  {
    "platform" : "WIN32_X86_64",
    "searchTime" : "2024-08-24T02:45:19.912Z[UTC]",
    "searchQuery" : "everythiong black ha",
    "searchInteractionURIs" : [
    ]
  },
  {
    "platform" : "WIN32_X86_64",
    "searchTime" : "2024-08-25T07:40:28.104Z[UTC]",
    "searchQuery" : "cara",
    "searchInteractionURIs" : [
    ]
  },
  {
    "platform" : "WIN32_X86_64",
    "searchTime" : "2024-08-25T07:40:29.697Z[UTC]",
    "searchQuery" : "caramel ",
    "searchInteractionURIs" : [
    ]
  },
  {
    "platform" : "WIN32_X86_64",
    "searchTime" : "2024-08-26T03:19:11.845Z[UTC]",
    "searchQuery" : "i",
    "searchInteractionURIs" : [
    ]
  },
  {
    "platform" : "WIN32_X86_64",
    "searchTime" : "2024-08-26T04:09:48.020Z[UTC]",
    "searchQuery" : "f",
    "searchInteractionURIs" : [
    ]
  },
  {
    "platform" : "WIN32_X86_64",
    "searchTime" : "2024-08-26T04:09:48.574Z[UTC]",
    "searchQuery" : "fnaf",
    "searchInteractionURIs" : [
    ]
  },
  {
    "platform" : "WIN32_X86_64",
    "searchTime" : "2024-08-26T04:10:15.981Z[UTC]",
    "searchQuery" : "s",
    "searchInteractionURIs" : [
    ]
  },
  {
    "platform" : "WIN32_X86_64",
    "searchTime" : "2024-08-26T08:59:23.872Z[UTC]",
    "searchQuery" : "over",
    "searchInteractionURIs" : [
    ]
  },
  {
    "platform" : "WIN32_X86_64",
    "searchTime" : "2024-08-26T08:59:24.183Z[UTC]",
    "searchQuery" : "overs",
    "searchInteractionURIs" : [
    ]
  },
  {
    "platform" : "",
    "searchTime" : "2024-08-28T00:44:12.534Z[UTC]",
    "searchQuery" : "t",
    "searchInteractionURIs" : [
    ]
  },
  {
    "platform" : "",
    "searchTime" : "2024-08-28T00:44:12.590Z[UTC]",
    "searchQuery" : "t",
    "searchInteractionURIs" : [
    ]
  },
  {
    "platform" : "",
    "searchTime" : "2024-08-28T00:44:13.039Z[UTC]",
    "searchQuery" : "tee",
    "searchInteractionURIs" : [
    ]
  },
  {
    "platform" : "",
    "searchTime" : "2024-08-28T00:44:13.096Z[UTC]",
    "searchQuery" : "tee",
    "searchInteractionURIs" : [
    ]
  },
  {
    "platform" : "",
    "searchTime" : "2024-08-28T00:44:13.281Z[UTC]",
    "searchQuery" : "teen",
    "searchInteractionURIs" : [
    ]
  },
  {
    "platform" : "",
    "searchTime" : "2024-08-28T00:44:13.335Z[UTC]",
    "searchQuery" : "teen",
    "searchInteractionURIs" : [
    ]
  },
  {
    "platform" : "",
    "searchTime" : "2024-08-28T00:44:13.811Z[UTC]",
    "searchQuery" : "teen ",
    "searchInteractionURIs" : [
    ]
  },
  {
    "platform" : "IPHONE",
    "searchTime" : "2024-08-28T00:44:14.078Z[UTC]",
    "searchQuery" : "teen ",
    "searchInteractionURIs" : [
    ]
  },
  {
    "platform" : "",
    "searchTime" : "2024-08-28T00:44:14.614Z[UTC]",
    "searchQuery" : "teen spi",
    "searchInteractionURIs" : [
    ]
  },
  {
    "platform" : "",
    "searchTime" : "2024-08-28T00:44:14.653Z[UTC]",
    "searchQuery" : "teen spi",
    "searchInteractionURIs" : [
    ]
  },
  {
    "platform" : "",
    "searchTime" : "2024-08-28T00:44:15.083Z[UTC]",
    "searchQuery" : "teen spirit",
    "searchInteractionURIs" : [
    ]
  },
  {
    "platform" : "",
    "searchTime" : "2024-08-28T00:44:15.102Z[UTC]",
    "searchQuery" : "teen spirit",
    "searchInteractionURIs" : [
    ]
  },
  {
    "platform" : "",
    "searchTime" : "2024-08-28T00:44:15.107Z[UTC]",
    "searchQuery" : "teen spirit",
    "searchInteractionURIs" : [
    ]
  },
  {
    "platform" : "WIN32_X86_64",
    "searchTime" : "2024-08-28T09:40:27.701Z[UTC]",
    "searchQuery" : "heart",
    "searchInteractionURIs" : [
    ]
  },
  {
    "platform" : "WIN32_X86_64",
    "searchTime" : "2024-08-28T09:40:30.981Z[UTC]",
    "searchQuery" : "heart afu",
    "searchInteractionURIs" : [
    ]
  },
  {
    "platform" : "WIN32_X86_64",
    "searchTime" : "2024-08-28T09:40:31.699Z[UTC]",
    "searchQuery" : "heart af",
    "searchInteractionURIs" : [
    ]
  },
  {
    "platform" : "WIN32_X86_64",
    "searchTime" : "2024-08-28T09:40:31.826Z[UTC]",
    "searchQuery" : "heart af",
    "searchInteractionURIs" : [
    ]
  },
  {
    "platform" : "WIN32_X86_64",
    "searchTime" : "2024-08-28T09:40:32.144Z[UTC]",
    "searchQuery" : "heart afir",
    "searchInteractionURIs" : [
    ]
  },
  {
    "platform" : "WIN32_X86_64",
    "searchTime" : "2024-08-28T09:43:40.818Z[UTC]",
    "searchQuery" : "hear a",
    "searchInteractionURIs" : [
    ]
  },
  {
    "platform" : "WIN32_X86_64",
    "searchTime" : "2024-08-28T09:43:41.806Z[UTC]",
    "searchQuery" : "hear afi",
    "searchInteractionURIs" : [
    ]
  },
  {
    "platform" : "WIN32_X86_64",
    "searchTime" : "2024-08-28T09:43:41.977Z[UTC]",
    "searchQuery" : "hear afir",
    "searchInteractionURIs" : [
    ]
  },
  {
    "platform" : "WIN32_X86_64",
    "searchTime" : "2024-08-28T23:41:53.040Z[UTC]",
    "searchQuery" : "caramell",
    "searchInteractionURIs" : [
    ]
  },
  {
    "platform" : "IPHONE_ARM64",
    "searchTime" : "2024-08-29T10:07:15.735Z[UTC]",
    "searchQuery" : "p",
    "searchInteractionURIs" : [
    ]
  },
  {
    "platform" : "IPHONE",
    "searchTime" : "2024-08-29T10:07:18.490Z[UTC]",
    "searchQuery" : "party roxk ",
    "searchInteractionURIs" : [
    ]
  },
  {
    "platform" : "WIN32_X86_64",
    "searchTime" : "2024-08-31T21:02:38.790Z[UTC]",
    "searchQuery" : "I am temp",
    "searchInteractionURIs" : [
    ]
  },
  {
    "platform" : "WIN32_X86_64",
    "searchTime" : "2024-08-31T21:02:48.955Z[UTC]",
    "searchQuery" : "I temporary",
    "searchInteractionURIs" : [
    ]
  },
  {
    "platform" : "",
    "searchTime" : "2024-09-01T00:52:46.678Z[UTC]",
    "searchQuery" : "i",
    "searchInteractionURIs" : [
    ]
  },
  {
    "platform" : "",
    "searchTime" : "2024-09-01T00:52:46.943Z[UTC]",
    "searchQuery" : "i",
    "searchInteractionURIs" : [
    ]
  },
  {
    "platform" : "",
    "searchTime" : "2024-09-01T00:52:50.141Z[UTC]",
    "searchQuery" : "t",
    "searchInteractionURIs" : [
    ]
  },
  {
    "platform" : "",
    "searchTime" : "2024-09-01T00:52:50.295Z[UTC]",
    "searchQuery" : "t",
    "searchInteractionURIs" : [
    ]
  },
  {
    "platform" : "",
    "searchTime" : "2024-09-01T00:52:50.477Z[UTC]",
    "searchQuery" : "tem",
    "searchInteractionURIs" : [
    ]
  },
  {
    "platform" : "",
    "searchTime" : "2024-09-01T00:52:50.633Z[UTC]",
    "searchQuery" : "tem",
    "searchInteractionURIs" : [
    ]
  },
  {
    "platform" : "",
    "searchTime" : "2024-09-01T00:52:51.344Z[UTC]",
    "searchQuery" : "tempo",
    "searchInteractionURIs" : [
    ]
  },
  {
    "platform" : "",
    "searchTime" : "2024-09-01T00:52:51.489Z[UTC]",
    "searchQuery" : "tempo",
    "searchInteractionURIs" : [
    ]
  },
  {
    "platform" : "",
    "searchTime" : "2024-09-01T00:52:52.051Z[UTC]",
    "searchQuery" : "tempora",
    "searchInteractionURIs" : [
    ]
  },
  {
    "platform" : "",
    "searchTime" : "2024-09-01T00:52:52.198Z[UTC]",
    "searchQuery" : "tempora",
    "searchInteractionURIs" : [
    ]
  },
  {
    "platform" : "",
    "searchTime" : "2024-09-01T00:52:52.342Z[UTC]",
    "searchQuery" : "temporar",
    "searchInteractionURIs" : [
    ]
  },
  {
    "platform" : "",
    "searchTime" : "2024-09-01T00:52:52.473Z[UTC]",
    "searchQuery" : "temporar",
    "searchInteractionURIs" : [
    ]
  },
  {
    "platform" : "",
    "searchTime" : "2024-09-01T00:52:52.626Z[UTC]",
    "searchQuery" : "temporary",
    "searchInteractionURIs" : [
    ]
  },
  {
    "platform" : "",
    "searchTime" : "2024-09-01T00:52:52.768Z[UTC]",
    "searchQuery" : "temporary",
    "searchInteractionURIs" : [
    ]
  },
  {
    "platform" : "",
    "searchTime" : "2024-09-01T00:53:08.623Z[UTC]",
    "searchQuery" : "I was on",
    "searchInteractionURIs" : [
    ]
  },
  {
    "platform" : "",
    "searchTime" : "2024-09-01T00:53:08.939Z[UTC]",
    "searchQuery" : "I was on",
    "searchInteractionURIs" : [
    ]
  },
  {
    "platform" : "",
    "searchTime" : "2024-09-01T00:53:09.024Z[UTC]",
    "searchQuery" : "I was onl ",
    "searchInteractionURIs" : [
    ]
  },
  {
    "platform" : "WIN32_X86_64",
    "searchTime" : "2024-09-01T00:53:09.037Z[UTC]",
    "searchQuery" : "I was on",
    "searchInteractionURIs" : [
    ]
  },
  {
    "platform" : "",
    "searchTime" : "2024-09-01T00:53:09.391Z[UTC]",
    "searchQuery" : "I was onl",
    "searchInteractionURIs" : [
    ]
  },
  {
    "platform" : "",
    "searchTime" : "2024-09-01T00:53:09.555Z[UTC]",
    "searchQuery" : "I was onl ",
    "searchInteractionURIs" : [
    ]
  },
  {
    "platform" : "WIN32_X86_64",
    "searchTime" : "2024-09-01T00:53:09.672Z[UTC]",
    "searchQuery" : "I was onl",
    "searchInteractionURIs" : [
    ]
  },
  {
    "platform" : "",
    "searchTime" : "2024-09-01T00:53:09.693Z[UTC]",
    "searchQuery" : "I was onl",
    "searchInteractionURIs" : [
    ]
  },
  {
    "platform" : "",
    "searchTime" : "2024-09-01T00:53:09.856Z[UTC]",
    "searchQuery" : "I was only ",
    "searchInteractionURIs" : [
    ]
  },
  {
    "platform" : "",
    "searchTime" : "2024-09-01T00:53:10.284Z[UTC]",
    "searchQuery" : "I was only ",
    "searchInteractionURIs" : [
    ]
  },
  {
    "platform" : "",
    "searchTime" : "2024-09-01T00:58:08.291Z[UTC]",
    "searchQuery" : "i",
    "searchInteractionURIs" : [
    ]
  },
  {
    "platform" : "",
    "searchTime" : "2024-09-01T00:58:08.359Z[UTC]",
    "searchQuery" : "i",
    "searchInteractionURIs" : [
    ]
  },
  {
    "platform" : "",
    "searchTime" : "2024-09-01T00:58:09.276Z[UTC]",
    "searchQuery" : "i was ",
    "searchInteractionURIs" : [
    ]
  },
  {
    "platform" : "",
    "searchTime" : "2024-09-01T00:58:09.332Z[UTC]",
    "searchQuery" : "i was ",
    "searchInteractionURIs" : [
    ]
  },
  {
    "platform" : "",
    "searchTime" : "2024-09-01T00:58:09.940Z[UTC]",
    "searchQuery" : "i was onl",
    "searchInteractionURIs" : [
    ]
  },
  {
    "platform" : "",
    "searchTime" : "2024-09-01T00:58:09.974Z[UTC]",
    "searchQuery" : "i was onl",
    "searchInteractionURIs" : [
    ]
  },
  {
    "platform" : "",
    "searchTime" : "2024-09-01T00:58:10.150Z[UTC]",
    "searchQuery" : "i was only",
    "searchInteractionURIs" : [
    ]
  },
  {
    "platform" : "IPHONE",
    "searchTime" : "2024-09-01T00:58:10.394Z[UTC]",
    "searchQuery" : "i was only",
    "searchInteractionURIs" : [
      "spotify:track:0X4YYZtZcvqNqYIpMd93IT"
    ]
  },
  {
    "platform" : "WIN32_X86_64",
    "searchTime" : "2024-09-01T01:07:56.925Z[UTC]",
    "searchQuery" : "afr",
    "searchInteractionURIs" : [
    ]
  },
  {
    "platform" : "WIN32_X86_64",
    "searchTime" : "2024-09-01T01:10:55.929Z[UTC]",
    "searchQuery" : "caundo se te moja la",
    "searchInteractionURIs" : [
    ]
  },
  {
    "platform" : "WIN32_X86_64",
    "searchTime" : "2024-09-01T01:10:57.836Z[UTC]",
    "searchQuery" : "caundo se te moja la tarea ",
    "searchInteractionURIs" : [
    ]
  },
  {
    "platform" : "WIN32_X86_64",
    "searchTime" : "2024-09-01T01:11:02.840Z[UTC]",
    "searchQuery" : "caundo se te moja la tarea heardsdtly",
    "searchInteractionURIs" : [
    ]
  },
  {
    "platform" : "WIN32_X86_64",
    "searchTime" : "2024-09-01T01:11:02.967Z[UTC]",
    "searchQuery" : "caundo se te moja la tarea heardsdtly",
    "searchInteractionURIs" : [
    ]
  },
  {
    "platform" : "WIN32_X86_64",
    "searchTime" : "2024-09-01T01:11:11.119Z[UTC]",
    "searchQuery" : "caundo se te moja la tarea heardsty",
    "searchInteractionURIs" : [
    ]
  },
  {
    "platform" : "WIN32_X86_64",
    "searchTime" : "2024-09-01T01:12:41.195Z[UTC]",
    "searchQuery" : "o",
    "searchInteractionURIs" : [
    ]
  },
  {
    "platform" : "WIN32_X86_64",
    "searchTime" : "2024-09-02T06:22:21.586Z[UTC]",
    "searchQuery" : "run",
    "searchInteractionURIs" : [
    ]
  },
  {
    "platform" : "WIN32_X86_64",
    "searchTime" : "2024-09-02T06:22:21.724Z[UTC]",
    "searchQuery" : "run ",
    "searchInteractionURIs" : [
    ]
  },
  {
    "platform" : "WIN32_X86_64",
    "searchTime" : "2024-09-02T06:35:26.157Z[UTC]",
    "searchQuery" : "honeypie",
    "searchInteractionURIs" : [
    ]
  },
  {
    "platform" : "WIN32_X86_64",
    "searchTime" : "2024-09-02T07:28:12.124Z[UTC]",
    "searchQuery" : "I love you ",
    "searchInteractionURIs" : [
    ]
  },
  {
    "platform" : "WIN32_X86_64",
    "searchTime" : "2024-09-02T09:35:08.085Z[UTC]",
    "searchQuery" : "alibi",
    "searchInteractionURIs" : [
    ]
  },
  {
    "platform" : "IPHONE",
    "searchTime" : "2024-09-02T23:35:18.527Z[UTC]",
    "searchQuery" : "kee",
    "searchInteractionURIs" : [
      "spotify:track:2yR2sziCF4WEs3klW1F38d"
    ]
  },
  {
    "platform" : "WIN32_X86_64",
    "searchTime" : "2024-09-05T04:51:37.637Z[UTC]",
    "searchQuery" : "I kn",
    "searchInteractionURIs" : [
    ]
  },
  {
    "platform" : "WIN32_X86_64",
    "searchTime" : "2024-09-06T05:16:59.204Z[UTC]",
    "searchQuery" : "cray",
    "searchInteractionURIs" : [
    ]
  },
  {
    "platform" : "WIN32_X86_64",
    "searchTime" : "2024-09-06T05:17:07.518Z[UTC]",
    "searchQuery" : "crazy gna",
    "searchInteractionURIs" : [
    ]
  },
  {
    "platform" : "WIN32_X86_64",
    "searchTime" : "2024-09-06T05:33:36.483Z[UTC]",
    "searchQuery" : "still ",
    "searchInteractionURIs" : [
    ]
  },
  {
    "platform" : "WIN32_X86_64",
    "searchTime" : "2024-09-06T05:33:47.155Z[UTC]",
    "searchQuery" : "still into you night",
    "searchInteractionURIs" : [
    ]
  },
  {
    "platform" : "WIN32_X86_64",
    "searchTime" : "2024-09-06T06:37:08.365Z[UTC]",
    "searchQuery" : "sti",
    "searchInteractionURIs" : [
    ]
  },
  {
    "platform" : "WIN32_X86_64",
    "searchTime" : "2024-09-06T06:37:09.904Z[UTC]",
    "searchQuery" : "still in",
    "searchInteractionURIs" : [
    ]
  },
  {
    "platform" : "WIN32_X86_64",
    "searchTime" : "2024-09-06T06:37:11.163Z[UTC]",
    "searchQuery" : "still into you sped up",
    "searchInteractionURIs" : [
    ]
  },
  {
    "platform" : "",
    "searchTime" : "2024-09-07T00:27:42.567Z[UTC]",
    "searchQuery" : "wannabe",
    "searchInteractionURIs" : [
    ]
  },
  {
    "platform" : "",
    "searchTime" : "2024-09-07T00:27:42.827Z[UTC]",
    "searchQuery" : "wannabe",
    "searchInteractionURIs" : [
    ]
  },
  {
    "platform" : "WIN32_X86_64",
    "searchTime" : "2024-09-07T08:25:34.160Z[UTC]",
    "searchQuery" : "money money milano ",
    "searchInteractionURIs" : [
    ]
  },
  {
    "platform" : "IPHONE",
    "searchTime" : "2024-09-08T09:58:50.761Z[UTC]",
    "searchQuery" : "b",
    "searchInteractionURIs" : [
    ]
  },
  {
    "platform" : "IPHONE_ARM64",
    "searchTime" : "2024-09-08T09:58:51.827Z[UTC]",
    "searchQuery" : "baby im",
    "searchInteractionURIs" : [
    ]
  },
  {
    "platform" : "IPHONE_ARM64",
    "searchTime" : "2024-09-08T09:58:56.497Z[UTC]",
    "searchQuery" : "baby im dancing wi",
    "searchInteractionURIs" : [
    ]
  },
  {
    "platform" : "WIN32_X86_64",
    "searchTime" : "2024-09-09T05:15:48.028Z[UTC]",
    "searchQuery" : "j",
    "searchInteractionURIs" : [
    ]
  },
  {
    "platform" : "WIN32_X86_64",
    "searchTime" : "2024-09-10T10:05:08.830Z[UTC]",
    "searchQuery" : "love sos",
    "searchInteractionURIs" : [
    ]
  },
  {
    "platform" : "IPHONE_ARM64",
    "searchTime" : "2024-09-11T10:10:14.114Z[UTC]",
    "searchQuery" : "Moy Marmeladnyy ByAstral",
    "searchInteractionURIs" : [
    ]
  },
  {
    "platform" : "WIN32_X86_64",
    "searchTime" : "2024-09-14T03:47:32.469Z[UTC]",
    "searchQuery" : "c u a",
    "searchInteractionURIs" : [
    ]
  },
  {
    "platform" : "IPHONE_ARM64",
    "searchTime" : "2024-09-17T10:49:47.328Z[UTC]",
    "searchQuery" : "m",
    "searchInteractionURIs" : [
    ]
  },
  {
    "platform" : "IPHONE",
    "searchTime" : "2024-09-17T10:49:48.488Z[UTC]",
    "searchQuery" : "mort",
    "searchInteractionURIs" : [
      "spotify:track:11uvudmvZBzG2ztQsOB5sF",
      "spotify:track:11uvudmvZBzG2ztQsOB5sF"
    ]
  },
  {
    "platform" : "IPHONE",
    "searchTime" : "2024-09-17T10:51:17.277Z[UTC]",
    "searchQuery" : "mort",
    "searchInteractionURIs" : [
    ]
  },
  {
    "platform" : "WIN32_X86_64",
    "searchTime" : "2024-09-19T22:43:41.824Z[UTC]",
    "searchQuery" : "fiddlesticks theme",
    "searchInteractionURIs" : [
    ]
  },
  {
    "platform" : "WIN32_X86_64",
    "searchTime" : "2024-09-19T22:43:41.961Z[UTC]",
    "searchQuery" : "fiddlesticks theme",
    "searchInteractionURIs" : [
    ]
  },
  {
    "platform" : "IPHONE_ARM64",
    "searchTime" : "2024-09-21T01:43:26.371Z[UTC]",
    "searchQuery" : "count your ca",
    "searchInteractionURIs" : [
    ]
  },
  {
    "platform" : "IPHONE",
    "searchTime" : "2024-09-21T01:43:26.788Z[UTC]",
    "searchQuery" : "count your c",
    "searchInteractionURIs" : [
      "spotify:track:6GJdFTOm23lC5bqjYSMJTj"
    ]
  }
]