[
  {
    "endTime" : "2023-09-24 06:29",
    "podcastName" : "penguinz0 content",
    "episodeName" : "This is Great News",
    "msPlayed" : 0
  },
  {
    "endTime" : "2023-10-13 21:38",
    "podcastName" : "TMS - SMTSG ft. LP",
    "episodeName" : "TMS -Ski mask the slump god ft. Lil pump",
    "msPlayed" : 130124
  },
  {
    "endTime" : "2024-04-29 20:57",
    "podcastName" : "Greetings Adventurers - Dungeons and Dragons 5e Actual Play",
    "episodeName" : "Episode 2",
    "msPlayed" : 29590
  },
  {
    "endTime" : "2024-04-29 20:57",
    "podcastName" : "Greetings Adventurers - Dungeons and Dragons 5e Actual Play",
    "episodeName" : "Episode 1",
    "msPlayed" : 260
  },
  {
    "endTime" : "2024-04-29 21:02",
    "podcastName" : "Greetings Adventurers - Dungeons and Dragons 5e Actual Play",
    "episodeName" : "Episode 1",
    "msPlayed" : 10840
  },
  {
    "endTime" : "2024-05-11 04:28",
    "podcastName" : "Greetings Adventurers - Dungeons and Dragons 5e Actual Play",
    "episodeName" : "Episode 1",
    "msPlayed" : 0
  },
  {
    "endTime" : "2024-05-18 14:44",
    "podcastName" : "Imagined Life",
    "episodeName" : "The Outsider",
    "msPlayed" : 1962
  },
  {
    "endTime" : "2024-05-18 15:29",
    "podcastName" : "Imagined Life",
    "episodeName" : "The Daydreamer",
    "msPlayed" : 1480
  },
  {
    "endTime" : "2024-06-12 04:19",
    "podcastName" : "the good music",
    "episodeName" : "Airman ga Taosenai (SOUND HOLIC Ver.)",
    "msPlayed" : 1660
  },
  {
    "endTime" : "2024-07-03 14:39",
    "podcastName" : "Much to Discuss...!",
    "episodeName" : "Let's Talk About \"Fan Service\" ",
    "msPlayed" : 7751
  },
  {
    "endTime" : "2024-07-03 14:41",
    "podcastName" : "Much to Discuss...!",
    "episodeName" : "Let's Talk About \"Fan Service\" ",
    "msPlayed" : 0
  },
  {
    "endTime" : "2024-07-03 14:42",
    "podcastName" : "Much to Discuss...!",
    "episodeName" : "Let's Talk About \"Fan Service\" ",
    "msPlayed" : 0
  },
  {
    "endTime" : "2024-07-03 16:08",
    "podcastName" : "Much to Discuss...!",
    "episodeName" : "Let's Talk About \"Fan Service\" ",
    "msPlayed" : 86
  },
  {
    "endTime" : "2024-07-03 17:17",
    "podcastName" : "Much to Discuss...!",
    "episodeName" : "Let's Talk About \"Fan Service\" ",
    "msPlayed" : 0
  },
  {
    "endTime" : "2024-07-03 17:20",
    "podcastName" : "Much to Discuss...!",
    "episodeName" : "Let's Talk About Gay Pride (& Capitalism)",
    "msPlayed" : 7529
  },
  {
    "endTime" : "2024-07-08 19:57",
    "podcastName" : "Much to Discuss...!",
    "episodeName" : "Let's Talk About \"Fan Service\" ",
    "msPlayed" : 5442
  },
  {
    "endTime" : "2024-07-08 19:58",
    "podcastName" : "SONGS I NEED ONE THIS APP 🗣️",
    "episodeName" : "groomer nae nae ",
    "msPlayed" : 37204
  },
  {
    "endTime" : "2024-07-08 21:44",
    "podcastName" : "Much to Discuss...!",
    "episodeName" : "Let's Talk About \"Fan Service\" ",
    "msPlayed" : 426
  },
  {
    "endTime" : "2024-08-04 02:26",
    "podcastName" : "Rotten Mango Video",
    "episodeName" : "Most “Mentally Insane” Family In America- Six Schizophrenic Brothers",
    "msPlayed" : 2223
  },
  {
    "endTime" : "2024-08-05 11:48",
    "podcastName" : "Rotten Mango Video",
    "episodeName" : "Most “Mentally Insane” Family In America- Six Schizophrenic Brothers",
    "msPlayed" : 0
  },
  {
    "endTime" : "2024-08-05 13:34",
    "podcastName" : "Corridor Digital",
    "episodeName" : "VFX Artist Reveals the TRUE SCALE of Mountains",
    "msPlayed" : 589
  },
  {
    "endTime" : "2024-08-05 13:52",
    "podcastName" : "Corridor Digital",
    "episodeName" : "VFX Artist Reveals the TRUE SCALE of Mountains",
    "msPlayed" : 283
  },
  {
    "endTime" : "2024-08-13 21:51",
    "podcastName" : "Corridor Digital",
    "episodeName" : "Watch our Safety Videos if you Want to Live",
    "msPlayed" : 0
  },
  {
    "endTime" : "2024-08-13 21:52",
    "podcastName" : "Rotten Mango Video",
    "episodeName" : "“Joker” Killer Ran Over Girl To \"Turn Her To Spaghetti\" And Still Has 4000 Fans Who Want To Date Him",
    "msPlayed" : 3061
  },
  {
    "endTime" : "2024-08-24 01:29",
    "podcastName" : "Rotten Mango Video",
    "episodeName" : "“Joker” Killer Ran Over Girl To \"Turn Her To Spaghetti\" And Still Has 4000 Fans Who Want To Date Him",
    "msPlayed" : 0
  },
  {
    "endTime" : "2024-08-24 01:32",
    "podcastName" : "TimTheTatMan",
    "episodeName" : "OPENING 50 POKEMON PACKS! - TimTheTatMan",
    "msPlayed" : 24450
  },
  {
    "endTime" : "2024-08-28 00:44",
    "podcastName" : "TimTheTatMan",
    "episodeName" : "OPENING 50 POKEMON PACKS! - TimTheTatMan",
    "msPlayed" : 0
  },
  {
    "endTime" : "2024-09-02 23:35",
    "podcastName" : "Yarnhub",
    "episodeName" : "Underwater Kamikaze",
    "msPlayed" : 702
  },
  {
    "endTime" : "2024-09-08 09:58",
    "podcastName" : "Yarnhub",
    "episodeName" : "Underwater Kamikaze",
    "msPlayed" : 0
  }
]