[
  {
    "endTime" : "2024-09-18 04:46",
    "artistName" : "Calvin Harris",
    "trackName" : "Outside (feat. Ellie Goulding)",
    "msPlayed" : 227266
  },
  {
    "endTime" : "2024-09-18 04:49",
    "artistName" : "Kali Uchis",
    "trackName" : "Moonlight",
    "msPlayed" : 187557
  },
  {
    "endTime" : "2024-09-18 04:52",
    "artistName" : "Olivia Rodrigo",
    "trackName" : "good 4 u",
    "msPlayed" : 178146
  },
  {
    "endTime" : "2024-09-18 05:01",
    "artistName" : "Maya Isacowitz",
    "trackName" : "Body On Fire",
    "msPlayed" : 112958
  },
  {
    "endTime" : "2024-09-18 05:01",
    "artistName" : "Tay-K",
    "trackName" : "The Race - Remix",
    "msPlayed" : 2030
  },
  {
    "endTime" : "2024-09-18 05:04",
    "artistName" : "Unknown Brain",
    "trackName" : "MATAFAKA",
    "msPlayed" : 197381
  },
  {
    "endTime" : "2024-09-18 05:04",
    "artistName" : "Machine Girl",
    "trackName" : "Krystle - URL Cyber Palace Mix",
    "msPlayed" : 4278
  },
  {
    "endTime" : "2024-09-18 05:07",
    "artistName" : "ILLIT",
    "trackName" : "Magnetic",
    "msPlayed" : 160688
  },
  {
    "endTime" : "2024-09-18 05:10",
    "artistName" : "Gloria Gaynor",
    "trackName" : "I Will Survive - Single Version",
    "msPlayed" : 198066
  },
  {
    "endTime" : "2024-09-18 05:14",
    "artistName" : "桜島麻衣(CV:瀬戸麻沙美)",
    "trackName" : "不可思議のカルテ",
    "msPlayed" : 239146
  },
  {
    "endTime" : "2024-09-18 05:18",
    "artistName" : "Indila",
    "trackName" : "Dernière danse",
    "msPlayed" : 213493
  },
  {
    "endTime" : "2024-09-18 05:21",
    "artistName" : "Sabrina Carpenter",
    "trackName" : "Espresso",
    "msPlayed" : 175459
  },
  {
    "endTime" : "2024-09-18 05:25",
    "artistName" : "Zedd",
    "trackName" : "Clarity",
    "msPlayed" : 271426
  },
  {
    "endTime" : "2024-09-18 05:28",
    "artistName" : "The Living Tombstone",
    "trackName" : "No Mercy",
    "msPlayed" : 154465
  },
  {
    "endTime" : "2024-09-18 05:31",
    "artistName" : "Crystal Castles",
    "trackName" : "Kerosene",
    "msPlayed" : 192000
  },
  {
    "endTime" : "2024-09-18 05:35",
    "artistName" : "LOONA",
    "trackName" : "Hi High",
    "msPlayed" : 196863
  },
  {
    "endTime" : "2024-09-18 05:37",
    "artistName" : "Post Malone",
    "trackName" : "Sunflower - Spider-Man: Into the Spider-Verse",
    "msPlayed" : 157560
  },
  {
    "endTime" : "2024-09-18 05:40",
    "artistName" : "Kenya Grace",
    "trackName" : "Strangers",
    "msPlayed" : 172964
  },
  {
    "endTime" : "2024-09-18 05:42",
    "artistName" : "Ken Carson",
    "trackName" : "Yale",
    "msPlayed" : 106536
  },
  {
    "endTime" : "2024-09-18 05:45",
    "artistName" : "Nicki Minaj",
    "trackName" : "Starships",
    "msPlayed" : 210626
  },
  {
    "endTime" : "2024-09-18 05:49",
    "artistName" : "The Living Tombstone",
    "trackName" : "My Ordinary Life",
    "msPlayed" : 230893
  },
  {
    "endTime" : "2024-09-18 05:53",
    "artistName" : "稲葉曇",
    "trackName" : "Lost Umbrella",
    "msPlayed" : 204497
  },
  {
    "endTime" : "2024-09-18 05:56",
    "artistName" : "Cartoon",
    "trackName" : "C U Again",
    "msPlayed" : 202971
  },
  {
    "endTime" : "2024-09-18 05:58",
    "artistName" : "Odetari",
    "trackName" : "HYPNOTIC DATA",
    "msPlayed" : 128738
  },
  {
    "endTime" : "2024-09-18 06:03",
    "artistName" : "S3RL",
    "trackName" : "Mtc",
    "msPlayed" : 260530
  },
  {
    "endTime" : "2024-09-18 06:14",
    "artistName" : "Lady Gaga",
    "trackName" : "Judas",
    "msPlayed" : 203461
  },
  {
    "endTime" : "2024-09-18 06:16",
    "artistName" : "1nonly",
    "trackName" : "Shakira!",
    "msPlayed" : 149577
  },
  {
    "endTime" : "2024-09-18 06:20",
    "artistName" : "Warriyo",
    "trackName" : "Mortals",
    "msPlayed" : 228340
  },
  {
    "endTime" : "2024-09-18 06:22",
    "artistName" : "фрози",
    "trackName" : "Islands (kompa pasión)",
    "msPlayed" : 126494
  },
  {
    "endTime" : "2024-09-18 06:24",
    "artistName" : "Ugovhb",
    "trackName" : "WTF 2",
    "msPlayed" : 127008
  },
  {
    "endTime" : "2024-09-18 06:27",
    "artistName" : "DJ TENEBROSO ORIGINAL",
    "trackName" : "Montagem Orquestra Sinfônica",
    "msPlayed" : 185076
  },
  {
    "endTime" : "2024-09-18 06:30",
    "artistName" : "Sevdaliza",
    "trackName" : "Alibi (with Pabllo Vittar & Yseult)",
    "msPlayed" : 161655
  },
  {
    "endTime" : "2024-09-18 06:34",
    "artistName" : "Qwopdef",
    "trackName" : "Heart Afire",
    "msPlayed" : 240000
  },
  {
    "endTime" : "2024-09-18 06:37",
    "artistName" : "Sabrina Carpenter",
    "trackName" : "Please Please Please",
    "msPlayed" : 186365
  },
  {
    "endTime" : "2024-09-18 06:40",
    "artistName" : "Olivia Rodrigo",
    "trackName" : "obsessed",
    "msPlayed" : 170541
  },
  {
    "endTime" : "2024-09-18 06:48",
    "artistName" : "Aaron Smith",
    "trackName" : "Dancin - Krono Remix",
    "msPlayed" : 99077
  },
  {
    "endTime" : "2024-09-18 06:48",
    "artistName" : "JID",
    "trackName" : "Surround Sound (feat. 21 Savage & Baby Tate)",
    "msPlayed" : 8160
  },
  {
    "endTime" : "2024-09-18 06:52",
    "artistName" : "Type R",
    "trackName" : "Miss The Rage",
    "msPlayed" : 202666
  },
  {
    "endTime" : "2024-09-18 06:53",
    "artistName" : "2KE",
    "trackName" : "X-SLIDE",
    "msPlayed" : 79452
  },
  {
    "endTime" : "2024-09-18 06:57",
    "artistName" : "Panda Eyes",
    "trackName" : "The Entity",
    "msPlayed" : 238123
  },
  {
    "endTime" : "2024-09-18 06:59",
    "artistName" : "Odetari",
    "trackName" : "I LOVE YOU HOE (w/ 9lives)",
    "msPlayed" : 126600
  },
  {
    "endTime" : "2024-09-18 07:02",
    "artistName" : "Yeat",
    "trackName" : "If We Being Rëal",
    "msPlayed" : 172500
  },
  {
    "endTime" : "2024-09-18 07:05",
    "artistName" : "Carly Rae Jepsen",
    "trackName" : "Call Me Maybe",
    "msPlayed" : 193400
  },
  {
    "endTime" : "2024-09-18 07:08",
    "artistName" : "Unknown Artist",
    "trackName" : "Unknown Track",
    "msPlayed" : 170828
  },
  {
    "endTime" : "2024-09-18 07:29",
    "artistName" : "Lil Peep",
    "trackName" : "Falling Down - Bonus Track",
    "msPlayed" : 41349
  },
  {
    "endTime" : "2024-09-18 07:31",
    "artistName" : "KCHAZE",
    "trackName" : "WAY2FAST",
    "msPlayed" : 140046
  },
  {
    "endTime" : "2024-09-18 07:35",
    "artistName" : "Egzod",
    "trackName" : "Royalty",
    "msPlayed" : 223520
  },
  {
    "endTime" : "2024-09-18 07:38",
    "artistName" : "Caramella Girls",
    "trackName" : "Caramelldansen",
    "msPlayed" : 175333
  },
  {
    "endTime" : "2024-09-18 07:42",
    "artistName" : "Childish Gambino",
    "trackName" : "Heartbeat",
    "msPlayed" : 269840
  },
  {
    "endTime" : "2024-09-18 07:45",
    "artistName" : "Cafuné",
    "trackName" : "Tek It",
    "msPlayed" : 191823
  },
  {
    "endTime" : "2024-09-18 07:48",
    "artistName" : "Lucian",
    "trackName" : "Here",
    "msPlayed" : 140516
  },
  {
    "endTime" : "2024-09-18 19:55",
    "artistName" : "Lucian",
    "trackName" : "Here",
    "msPlayed" : 9975
  },
  {
    "endTime" : "2024-09-18 19:59",
    "artistName" : "The Weeknd",
    "trackName" : "Popular (with Playboi Carti & Madonna) - From The Idol Vol. 1 (Music from the HBO Original Series)",
    "msPlayed" : 215466
  },
  {
    "endTime" : "2024-09-18 20:02",
    "artistName" : "The Living Tombstone",
    "trackName" : "Discord",
    "msPlayed" : 193776
  },
  {
    "endTime" : "2024-09-18 20:05",
    "artistName" : "Nicky Youre",
    "trackName" : "Sunroof",
    "msPlayed" : 163025
  },
  {
    "endTime" : "2024-09-18 20:08",
    "artistName" : "Varea",
    "trackName" : "Mi Mi Mi",
    "msPlayed" : 176120
  },
  {
    "endTime" : "2024-09-18 20:10",
    "artistName" : "ANGUISH",
    "trackName" : "We Fell Apart",
    "msPlayed" : 138143
  },
  {
    "endTime" : "2024-09-18 20:13",
    "artistName" : "$uicideboy$",
    "trackName" : "Kill Yourself (Part III)",
    "msPlayed" : 145078
  },
  {
    "endTime" : "2024-09-18 20:32",
    "artistName" : "Katy Perry",
    "trackName" : "Last Friday Night (T.G.I.F.)",
    "msPlayed" : 219274
  },
  {
    "endTime" : "2024-09-18 20:36",
    "artistName" : "The Neighbourhood",
    "trackName" : "Sweater Weather",
    "msPlayed" : 240400
  },
  {
    "endTime" : "2024-09-18 20:36",
    "artistName" : "Metaroom",
    "trackName" : "TRASH CLAN",
    "msPlayed" : 4282
  },
  {
    "endTime" : "2024-09-18 20:39",
    "artistName" : "Kali Uchis",
    "trackName" : "telepatía",
    "msPlayed" : 160191
  },
  {
    "endTime" : "2024-09-18 20:43",
    "artistName" : "Unknown Artist",
    "trackName" : "Unknown Track",
    "msPlayed" : 66192
  },
  {
    "endTime" : "2024-09-18 20:46",
    "artistName" : "Getter Jaani",
    "trackName" : "Rockefeller Street (New Nightcore) [#Rockefellerstreet Remix]",
    "msPlayed" : 155008
  },
  {
    "endTime" : "2024-09-18 20:50",
    "artistName" : "物語シリーズ",
    "trackName" : "恋愛サーキュレーション",
    "msPlayed" : 255040
  },
  {
    "endTime" : "2024-09-18 20:54",
    "artistName" : "Frou Frou",
    "trackName" : "A New Kind Of Love - Demo",
    "msPlayed" : 14733
  },
  {
    "endTime" : "2024-09-18 20:54",
    "artistName" : "Unlike Pluto",
    "trackName" : "Everything Black",
    "msPlayed" : 228979
  },
  {
    "endTime" : "2024-09-18 20:56",
    "artistName" : "PinkPantheress",
    "trackName" : "Pain",
    "msPlayed" : 98544
  },
  {
    "endTime" : "2024-09-18 20:59",
    "artistName" : "K/DA",
    "trackName" : "POP/STARS",
    "msPlayed" : 191100
  },
  {
    "endTime" : "2024-09-18 21:02",
    "artistName" : "Hanumankind",
    "trackName" : "Big Dawgs",
    "msPlayed" : 190666
  },
  {
    "endTime" : "2024-09-18 21:07",
    "artistName" : "Siinamota",
    "trackName" : "Young Girl A",
    "msPlayed" : 85170
  },
  {
    "endTime" : "2024-09-18 21:09",
    "artistName" : "Playboi Carti",
    "trackName" : "Vamp Anthem",
    "msPlayed" : 124093
  },
  {
    "endTime" : "2024-09-18 21:13",
    "artistName" : "Machine Girl",
    "trackName" : "Ghost",
    "msPlayed" : 7503
  },
  {
    "endTime" : "2024-09-18 21:13",
    "artistName" : "Drake",
    "trackName" : "Sticky",
    "msPlayed" : 43788
  },
  {
    "endTime" : "2024-09-18 21:13",
    "artistName" : "A Boogie Wit da Hoodie",
    "trackName" : "Drowning (feat. Kodak Black)",
    "msPlayed" : 209269
  },
  {
    "endTime" : "2024-09-18 21:16",
    "artistName" : "1nonly",
    "trackName" : "Stay With Me",
    "msPlayed" : 141505
  },
  {
    "endTime" : "2024-09-18 21:18",
    "artistName" : "SZA",
    "trackName" : "Kill Bill",
    "msPlayed" : 153946
  },
  {
    "endTime" : "2024-09-18 21:23",
    "artistName" : "Crystal Castles",
    "trackName" : "Empathy",
    "msPlayed" : 251106
  },
  {
    "endTime" : "2024-09-18 21:23",
    "artistName" : "Offset",
    "trackName" : "Ric Flair Drip (with Metro Boomin)",
    "msPlayed" : 7191
  },
  {
    "endTime" : "2024-09-18 21:25",
    "artistName" : "The Kid LAROI",
    "trackName" : "STAY (with Justin Bieber)",
    "msPlayed" : 141805
  },
  {
    "endTime" : "2024-09-18 21:39",
    "artistName" : "Camila Cabello",
    "trackName" : "Shameless",
    "msPlayed" : 142644
  },
  {
    "endTime" : "2024-09-18 21:43",
    "artistName" : "The Weeknd",
    "trackName" : "Starboy",
    "msPlayed" : 230453
  },
  {
    "endTime" : "2024-09-18 21:46",
    "artistName" : "League of Legends",
    "trackName" : "GODS",
    "msPlayed" : 220878
  },
  {
    "endTime" : "2024-09-18 21:49",
    "artistName" : "Ken Carson",
    "trackName" : "overseas",
    "msPlayed" : 141031
  },
  {
    "endTime" : "2024-09-18 21:52",
    "artistName" : "Gnarls Barkley",
    "trackName" : "Crazy",
    "msPlayed" : 182066
  },
  {
    "endTime" : "2024-09-18 21:55",
    "artistName" : "Alexander Rybak",
    "trackName" : "Fairytale",
    "msPlayed" : 182600
  },
  {
    "endTime" : "2024-09-18 21:56",
    "artistName" : "2KE",
    "trackName" : "X-SLIDE",
    "msPlayed" : 79452
  },
  {
    "endTime" : "2024-09-18 21:58",
    "artistName" : "Odetari",
    "trackName" : "I LOVE YOU HOE (w/ 9lives)",
    "msPlayed" : 126600
  },
  {
    "endTime" : "2024-09-18 21:59",
    "artistName" : "DJ RIO",
    "trackName" : "AUTOMOTIVO PA PA PAPAI",
    "msPlayed" : 56544
  },
  {
    "endTime" : "2024-09-18 22:01",
    "artistName" : "Ken Carson",
    "trackName" : "Yale",
    "msPlayed" : 106536
  },
  {
    "endTime" : "2024-09-18 22:03",
    "artistName" : "Unknown Brain",
    "trackName" : "MATAFAKA",
    "msPlayed" : 109902
  },
  {
    "endTime" : "2024-09-18 22:05",
    "artistName" : "Odetari",
    "trackName" : "HYPNOTIC DATA",
    "msPlayed" : 128738
  },
  {
    "endTime" : "2024-09-18 22:10",
    "artistName" : "YOASOBI",
    "trackName" : "夜に駆ける",
    "msPlayed" : 261013
  },
  {
    "endTime" : "2024-09-18 22:15",
    "artistName" : "The Living Tombstone",
    "trackName" : "Discord",
    "msPlayed" : 24854
  },
  {
    "endTime" : "2024-09-18 22:19",
    "artistName" : "Unlike Pluto",
    "trackName" : "Everything Black",
    "msPlayed" : 228979
  },
  {
    "endTime" : "2024-09-18 22:22",
    "artistName" : "1nonly",
    "trackName" : "Stay With Me",
    "msPlayed" : 141505
  },
  {
    "endTime" : "2024-09-18 22:25",
    "artistName" : "Kali Uchis",
    "trackName" : "Moonlight",
    "msPlayed" : 187557
  },
  {
    "endTime" : "2024-09-18 22:28",
    "artistName" : "The Weeknd",
    "trackName" : "Popular (with Playboi Carti & Madonna) - From The Idol Vol. 1 (Music from the HBO Original Series)",
    "msPlayed" : 215466
  },
  {
    "endTime" : "2024-09-18 22:31",
    "artistName" : "Laufey",
    "trackName" : "From The Start",
    "msPlayed" : 169573
  },
  {
    "endTime" : "2024-09-18 22:34",
    "artistName" : "Alexander Rybak",
    "trackName" : "Fairytale",
    "msPlayed" : 182600
  },
  {
    "endTime" : "2024-09-18 22:38",
    "artistName" : "The Neighbourhood",
    "trackName" : "Sweater Weather",
    "msPlayed" : 240400
  },
  {
    "endTime" : "2024-09-18 22:41",
    "artistName" : "The Kid LAROI",
    "trackName" : "STAY (with Justin Bieber)",
    "msPlayed" : 141805
  },
  {
    "endTime" : "2024-09-18 22:45",
    "artistName" : "Katy Perry",
    "trackName" : "Last Friday Night (T.G.I.F.)",
    "msPlayed" : 230733
  },
  {
    "endTime" : "2024-09-19 02:42",
    "artistName" : "Carly Rae Jepsen",
    "trackName" : "Call Me Maybe",
    "msPlayed" : 44451
  },
  {
    "endTime" : "2024-09-19 02:43",
    "artistName" : "2KE",
    "trackName" : "X-SLIDE",
    "msPlayed" : 79452
  },
  {
    "endTime" : "2024-09-19 02:45",
    "artistName" : "Playboi Carti",
    "trackName" : "Vamp Anthem",
    "msPlayed" : 124093
  },
  {
    "endTime" : "2024-09-19 02:48",
    "artistName" : "Eyedress",
    "trackName" : "Jealous",
    "msPlayed" : 122338
  },
  {
    "endTime" : "2024-09-19 02:51",
    "artistName" : "Gnarls Barkley",
    "trackName" : "Crazy",
    "msPlayed" : 182066
  },
  {
    "endTime" : "2024-09-19 02:52",
    "artistName" : "DJ RIO",
    "trackName" : "AUTOMOTIVO PA PA PAPAI",
    "msPlayed" : 56544
  },
  {
    "endTime" : "2024-09-19 02:55",
    "artistName" : "Travis Scott",
    "trackName" : "FE!N (feat. Playboi Carti)",
    "msPlayed" : 191700
  },
  {
    "endTime" : "2024-09-19 02:56",
    "artistName" : "PinkPantheress",
    "trackName" : "Pain",
    "msPlayed" : 98544
  },
  {
    "endTime" : "2024-09-19 03:01",
    "artistName" : "物語シリーズ",
    "trackName" : "恋愛サーキュレーション",
    "msPlayed" : 255040
  },
  {
    "endTime" : "2024-09-19 03:04",
    "artistName" : "稲葉曇",
    "trackName" : "Lost Umbrella",
    "msPlayed" : 204497
  },
  {
    "endTime" : "2024-09-19 03:24",
    "artistName" : "DJ TENEBROSO ORIGINAL",
    "trackName" : "Montagem Orquestra Sinfônica",
    "msPlayed" : 77742
  },
  {
    "endTime" : "2024-09-19 03:27",
    "artistName" : "Gloria Gaynor",
    "trackName" : "I Will Survive - Single Version",
    "msPlayed" : 198066
  },
  {
    "endTime" : "2024-09-19 03:28",
    "artistName" : "JID",
    "trackName" : "Surround Sound (feat. 21 Savage & Baby Tate)",
    "msPlayed" : 6760
  },
  {
    "endTime" : "2024-09-19 03:31",
    "artistName" : "K/DA",
    "trackName" : "POP/STARS",
    "msPlayed" : 191100
  },
  {
    "endTime" : "2024-09-19 03:35",
    "artistName" : "Warriyo",
    "trackName" : "Mortals",
    "msPlayed" : 228340
  },
  {
    "endTime" : "2024-09-19 03:38",
    "artistName" : "The Weeknd",
    "trackName" : "Starboy",
    "msPlayed" : 230453
  },
  {
    "endTime" : "2024-09-19 03:41",
    "artistName" : "ANGUISH",
    "trackName" : "We Fell Apart",
    "msPlayed" : 138143
  },
  {
    "endTime" : "2024-09-19 03:43",
    "artistName" : "JAWNY",
    "trackName" : "Honeypie",
    "msPlayed" : 135581
  },
  {
    "endTime" : "2024-09-19 03:47",
    "artistName" : "Crystal Castles",
    "trackName" : "Empathy",
    "msPlayed" : 251106
  },
  {
    "endTime" : "2024-09-19 03:50",
    "artistName" : "Kenya Grace",
    "trackName" : "Strangers",
    "msPlayed" : 172964
  },
  {
    "endTime" : "2024-09-19 22:44",
    "artistName" : "Odetari",
    "trackName" : "I LOVE YOU HOE (w/ 9lives)",
    "msPlayed" : 76431
  },
  {
    "endTime" : "2024-09-21 01:43",
    "artistName" : "League of Legends",
    "trackName" : "Fiddlesticks, the Harbinger of Doom",
    "msPlayed" : 141040
  },
  {
    "endTime" : "2024-09-21 01:44",
    "artistName" : "Beach Bunny",
    "trackName" : "Prom Queen",
    "msPlayed" : 40576
  },
  {
    "endTime" : "2024-09-21 01:54",
    "artistName" : "$uicideboy$",
    "trackName" : "Kill Yourself (Part III)",
    "msPlayed" : 3000
  },
  {
    "endTime" : "2024-09-21 01:54",
    "artistName" : "Artemas",
    "trackName" : "i like the way you kiss me",
    "msPlayed" : 1800
  },
  {
    "endTime" : "2024-09-21 01:54",
    "artistName" : "Kali Uchis",
    "trackName" : "telepatía",
    "msPlayed" : 7470
  },
  {
    "endTime" : "2024-09-21 01:54",
    "artistName" : "MGMT",
    "trackName" : "Little Dark Age",
    "msPlayed" : 1950
  },
  {
    "endTime" : "2024-09-21 01:54",
    "artistName" : "Laufey",
    "trackName" : "From The Start",
    "msPlayed" : 4140
  },
  {
    "endTime" : "2024-09-21 01:59",
    "artistName" : "Lady Gaga",
    "trackName" : "Judas",
    "msPlayed" : 249066
  },
  {
    "endTime" : "2024-09-21 02:02",
    "artistName" : "DJ TENEBROSO ORIGINAL",
    "trackName" : "Montagem Orquestra Sinfônica",
    "msPlayed" : 185076
  },
  {
    "endTime" : "2024-09-21 02:06",
    "artistName" : "Coyote Theory",
    "trackName" : "This Side of Paradise",
    "msPlayed" : 242010
  },
  {
    "endTime" : "2024-09-21 02:09",
    "artistName" : "Type R",
    "trackName" : "Miss The Rage",
    "msPlayed" : 202666
  },
  {
    "endTime" : "2024-09-21 02:12",
    "artistName" : "Crystal Castles",
    "trackName" : "Transgender",
    "msPlayed" : 184760
  },
  {
    "endTime" : "2024-09-21 02:16",
    "artistName" : "Drake",
    "trackName" : "Sticky",
    "msPlayed" : 12982
  },
  {
    "endTime" : "2024-09-21 02:16",
    "artistName" : "Nicki Minaj",
    "trackName" : "Starships",
    "msPlayed" : 210626
  },
  {
    "endTime" : "2024-09-21 02:18",
    "artistName" : "KCHAZE",
    "trackName" : "WAY2FAST",
    "msPlayed" : 140046
  },
  {
    "endTime" : "2024-09-21 02:20",
    "artistName" : "Odetari",
    "trackName" : "I LOVE YOU HOE (w/ 9lives)",
    "msPlayed" : 126600
  },
  {
    "endTime" : "2024-09-21 02:24",
    "artistName" : "Siinamota",
    "trackName" : "Young Girl A",
    "msPlayed" : 221500
  },
  {
    "endTime" : "2024-09-21 02:28",
    "artistName" : "LOONA",
    "trackName" : "Hi High",
    "msPlayed" : 196863
  },
  {
    "endTime" : "2024-09-21 02:32",
    "artistName" : "Crystal Castles",
    "trackName" : "Empathy",
    "msPlayed" : 251106
  },
  {
    "endTime" : "2024-09-21 02:48",
    "artistName" : "Ariana Grande",
    "trackName" : "Dangerous Woman",
    "msPlayed" : 43543
  },
  {
    "endTime" : "2024-09-21 06:29",
    "artistName" : "Machine Girl",
    "trackName" : "Frenesi - Machine Girl GabberTrap Mix",
    "msPlayed" : 1311
  },
  {
    "endTime" : "2024-09-21 06:29",
    "artistName" : "Ariana Grande",
    "trackName" : "Dangerous Woman",
    "msPlayed" : 4859
  },
  {
    "endTime" : "2024-09-21 06:32",
    "artistName" : "Lucian",
    "trackName" : "Here",
    "msPlayed" : 207519
  },
  {
    "endTime" : "2024-09-21 06:36",
    "artistName" : "桜島麻衣(CV:瀬戸麻沙美)",
    "trackName" : "不可思議のカルテ",
    "msPlayed" : 239146
  },
  {
    "endTime" : "2024-09-21 06:40",
    "artistName" : "Hanumankind",
    "trackName" : "Big Dawgs",
    "msPlayed" : 190666
  },
  {
    "endTime" : "2024-09-21 06:43",
    "artistName" : "Katy Perry",
    "trackName" : "Last Friday Night (T.G.I.F.)",
    "msPlayed" : 178466
  },
  {
    "endTime" : "2024-09-21 06:45",
    "artistName" : "Laufey",
    "trackName" : "From The Start",
    "msPlayed" : 169573
  },
  {
    "endTime" : "2024-09-21 06:46",
    "artistName" : "DJ RIO",
    "trackName" : "AUTOMOTIVO PA PA PAPAI",
    "msPlayed" : 56544
  },
  {
    "endTime" : "2024-09-21 06:47",
    "artistName" : "Tay-K",
    "trackName" : "The Race - Remix",
    "msPlayed" : 8361
  },
  {
    "endTime" : "2024-09-21 07:17",
    "artistName" : "Crystal Castles",
    "trackName" : "Kerosene",
    "msPlayed" : 61240
  },
  {
    "endTime" : "2024-09-21 07:18",
    "artistName" : "VALORANT",
    "trackName" : "SUPERPOWER",
    "msPlayed" : 81360
  },
  {
    "endTime" : "2024-09-21 07:18",
    "artistName" : "VALORANT",
    "trackName" : "SUPERPOWER",
    "msPlayed" : 4050
  },
  {
    "endTime" : "2024-09-21 07:20",
    "artistName" : "Odetari",
    "trackName" : "KEEP UP",
    "msPlayed" : 250
  },
  {
    "endTime" : "2024-09-21 07:20",
    "artistName" : "Odetari",
    "trackName" : "KEEP UP",
    "msPlayed" : 9250
  },
  {
    "endTime" : "2024-09-21 07:20",
    "artistName" : "VALORANT",
    "trackName" : "SUPERPOWER",
    "msPlayed" : 95950
  },
  {
    "endTime" : "2024-09-21 07:22",
    "artistName" : "Odetari",
    "trackName" : "KEEP UP",
    "msPlayed" : 123977
  },
  {
    "endTime" : "2024-09-21 07:22",
    "artistName" : "MF DOOM",
    "trackName" : "Hoe Cakes",
    "msPlayed" : 9830
  },
  {
    "endTime" : "2024-09-21 07:25",
    "artistName" : "MF DOOM",
    "trackName" : "Hoe Cakes",
    "msPlayed" : 188780
  },
  {
    "endTime" : "2024-09-21 07:26",
    "artistName" : "Spektrem",
    "trackName" : "Shine",
    "msPlayed" : 9540
  },
  {
    "endTime" : "2024-09-21 07:31",
    "artistName" : "Spektrem",
    "trackName" : "Shine",
    "msPlayed" : 304861
  },
  {
    "endTime" : "2024-09-21 07:31",
    "artistName" : "TheFatRat",
    "trackName" : "Monody",
    "msPlayed" : 9790
  },
  {
    "endTime" : "2024-09-21 07:32",
    "artistName" : "TheFatRat",
    "trackName" : "Monody",
    "msPlayed" : 78660
  },
  {
    "endTime" : "2024-09-21 07:32",
    "artistName" : "ericdoa",
    "trackName" : "search & destroy",
    "msPlayed" : 720
  },
  {
    "endTime" : "2024-09-21 07:32",
    "artistName" : "ericdoa",
    "trackName" : "search & destroy",
    "msPlayed" : 1120
  },
  {
    "endTime" : "2024-09-21 07:32",
    "artistName" : "ericdoa",
    "trackName" : "search & destroy",
    "msPlayed" : 6120
  },
  {
    "endTime" : "2024-09-21 07:32",
    "artistName" : "ericdoa",
    "trackName" : "search & destroy",
    "msPlayed" : 240
  },
  {
    "endTime" : "2024-09-21 07:32",
    "artistName" : "ericdoa",
    "trackName" : "search & destroy",
    "msPlayed" : 810
  },
  {
    "endTime" : "2024-09-21 07:32",
    "artistName" : "ericdoa",
    "trackName" : "search & destroy",
    "msPlayed" : 1900
  },
  {
    "endTime" : "2024-09-21 07:34",
    "artistName" : "Zedd",
    "trackName" : "Lucky (feat. Remi Wolf)",
    "msPlayed" : 9780
  },
  {
    "endTime" : "2024-09-21 07:34",
    "artistName" : "ericdoa",
    "trackName" : "search & destroy",
    "msPlayed" : 104560
  },
  {
    "endTime" : "2024-09-21 07:36",
    "artistName" : "$uicideboy$",
    "trackName" : "Kill Yourself (Part III)",
    "msPlayed" : 9820
  },
  {
    "endTime" : "2024-09-21 07:36",
    "artistName" : "Zedd",
    "trackName" : "Lucky (feat. Remi Wolf)",
    "msPlayed" : 118229
  },
  {
    "endTime" : "2024-09-21 07:39",
    "artistName" : "$uicideboy$",
    "trackName" : "Kill Yourself (Part III)",
    "msPlayed" : 136060
  },
  {
    "endTime" : "2024-09-21 07:39",
    "artistName" : "NewJeans",
    "trackName" : "Super Shy",
    "msPlayed" : 9600
  },
  {
    "endTime" : "2024-09-21 07:41",
    "artistName" : "NewJeans",
    "trackName" : "Super Shy",
    "msPlayed" : 137410
  },
  {
    "endTime" : "2024-09-21 07:41",
    "artistName" : "NewJeans",
    "trackName" : "Super Shy",
    "msPlayed" : 5790
  },
  {
    "endTime" : "2024-09-21 07:41",
    "artistName" : "glaive",
    "trackName" : "hope alaska national anthem",
    "msPlayed" : 9240
  },
  {
    "endTime" : "2024-09-21 07:42",
    "artistName" : "Softwilly",
    "trackName" : "ILY BABY",
    "msPlayed" : 32780
  },
  {
    "endTime" : "2024-09-21 07:42",
    "artistName" : "Requesting",
    "trackName" : "two one",
    "msPlayed" : 1290
  },
  {
    "endTime" : "2024-09-21 07:42",
    "artistName" : "glaive",
    "trackName" : "hope alaska national anthem",
    "msPlayed" : 12060
  },
  {
    "endTime" : "2024-09-21 07:42",
    "artistName" : "Vantage",
    "trackName" : "50//50",
    "msPlayed" : 7460
  },
  {
    "endTime" : "2024-09-21 07:43",
    "artistName" : "Joey Valence & Brae",
    "trackName" : "OMNITRIX",
    "msPlayed" : 9530
  },
  {
    "endTime" : "2024-09-21 07:44",
    "artistName" : "overrated",
    "trackName" : "We Could Be Together",
    "msPlayed" : 9800
  },
  {
    "endTime" : "2024-09-21 07:44",
    "artistName" : "overrated",
    "trackName" : "We Could Be Together",
    "msPlayed" : 2160
  },
  {
    "endTime" : "2024-09-21 07:44",
    "artistName" : "Joey Valence & Brae",
    "trackName" : "OMNITRIX",
    "msPlayed" : 80230
  },
  {
    "endTime" : "2024-09-21 07:44",
    "artistName" : "Unlike Pluto",
    "trackName" : "Everything Black",
    "msPlayed" : 7490
  },
  {
    "endTime" : "2024-09-21 07:45",
    "artistName" : "Unlike Pluto",
    "trackName" : "Everything Black",
    "msPlayed" : 26460
  },
  {
    "endTime" : "2024-09-21 07:45",
    "artistName" : "Unlike Pluto",
    "trackName" : "Everything Black",
    "msPlayed" : 17530
  },
  {
    "endTime" : "2024-09-21 07:45",
    "artistName" : "Unlike Pluto",
    "trackName" : "Everything Black",
    "msPlayed" : 16780
  },
  {
    "endTime" : "2024-09-21 07:48",
    "artistName" : "ANGUISH",
    "trackName" : "We Fell Apart - Slowed",
    "msPlayed" : 9770
  },
  {
    "endTime" : "2024-09-21 07:48",
    "artistName" : "Unlike Pluto",
    "trackName" : "Everything Black",
    "msPlayed" : 159190
  },
  {
    "endTime" : "2024-09-21 07:50",
    "artistName" : "ANGUISH",
    "trackName" : "We Fell Apart - Slowed",
    "msPlayed" : 146146
  },
  {
    "endTime" : "2024-09-21 07:51",
    "artistName" : "Zedd",
    "trackName" : "Clarity",
    "msPlayed" : 9770
  },
  {
    "endTime" : "2024-09-21 07:55",
    "artistName" : "John Mayer",
    "trackName" : "New Light",
    "msPlayed" : 9860
  },
  {
    "endTime" : "2024-09-21 07:55",
    "artistName" : "Zedd",
    "trackName" : "Clarity",
    "msPlayed" : 262483
  },
  {
    "endTime" : "2024-09-21 07:59",
    "artistName" : "TWICE",
    "trackName" : "MOONLIGHT SUNRISE",
    "msPlayed" : 10070
  },
  {
    "endTime" : "2024-09-21 07:59",
    "artistName" : "John Mayer",
    "trackName" : "New Light",
    "msPlayed" : 208173
  },
  {
    "endTime" : "2024-09-21 08:02",
    "artistName" : "TWICE",
    "trackName" : "MOONLIGHT SUNRISE",
    "msPlayed" : 171125
  },
  {
    "endTime" : "2024-09-21 08:02",
    "artistName" : "Twenty One Pilots",
    "trackName" : "Truce",
    "msPlayed" : 9710
  },
  {
    "endTime" : "2024-09-21 08:04",
    "artistName" : "Timbaland",
    "trackName" : "The Way I Are",
    "msPlayed" : 9950
  },
  {
    "endTime" : "2024-09-21 08:04",
    "artistName" : "Twenty One Pilots",
    "trackName" : "Truce",
    "msPlayed" : 132880
  },
  {
    "endTime" : "2024-09-21 08:05",
    "artistName" : "The Killers",
    "trackName" : "Exitlude",
    "msPlayed" : 2840
  },
  {
    "endTime" : "2024-09-21 08:05",
    "artistName" : "The Killers",
    "trackName" : "Exitlude",
    "msPlayed" : 6200
  },
  {
    "endTime" : "2024-09-21 08:05",
    "artistName" : "Timbaland",
    "trackName" : "The Way I Are",
    "msPlayed" : 43650
  },
  {
    "endTime" : "2024-09-21 08:05",
    "artistName" : "Timbaland",
    "trackName" : "The Way I Are",
    "msPlayed" : 150
  },
  {
    "endTime" : "2024-09-21 08:05",
    "artistName" : "Timbaland",
    "trackName" : "The Way I Are",
    "msPlayed" : 490
  },
  {
    "endTime" : "2024-09-21 08:06",
    "artistName" : "The Killers",
    "trackName" : "Exitlude",
    "msPlayed" : 46340
  },
  {
    "endTime" : "2024-09-21 08:06",
    "artistName" : "Maroon 5",
    "trackName" : "Maps",
    "msPlayed" : 9810
  },
  {
    "endTime" : "2024-09-21 08:09",
    "artistName" : "Maroon 5",
    "trackName" : "Maps",
    "msPlayed" : 179375
  },
  {
    "endTime" : "2024-09-21 08:09",
    "artistName" : "Jack Harlow",
    "trackName" : "Tyler Herro",
    "msPlayed" : 15480
  },
  {
    "endTime" : "2024-09-21 08:09",
    "artistName" : "Jack Harlow",
    "trackName" : "Tyler Herro",
    "msPlayed" : 9780
  },
  {
    "endTime" : "2024-09-21 08:10",
    "artistName" : "VALORANT",
    "trackName" : "SUPERPOWER",
    "msPlayed" : 3030
  },
  {
    "endTime" : "2024-09-21 08:11",
    "artistName" : "VALORANT",
    "trackName" : "SUPERPOWER",
    "msPlayed" : 116700
  },
  {
    "endTime" : "2024-09-21 08:12",
    "artistName" : "VALORANT",
    "trackName" : "SUPERPOWER",
    "msPlayed" : 61770
  },
  {
    "endTime" : "2024-09-21 08:13",
    "artistName" : "Ross Lynch",
    "trackName" : "On My Own",
    "msPlayed" : 9840
  },
  {
    "endTime" : "2024-09-21 08:15",
    "artistName" : "Ross Lynch",
    "trackName" : "On My Own",
    "msPlayed" : 135800
  },
  {
    "endTime" : "2024-09-21 08:15",
    "artistName" : "Capital Cities",
    "trackName" : "Safe and Sound",
    "msPlayed" : 9950
  },
  {
    "endTime" : "2024-09-21 08:18",
    "artistName" : "Capital Cities",
    "trackName" : "Safe and Sound",
    "msPlayed" : 183080
  },
  {
    "endTime" : "2024-09-21 08:18",
    "artistName" : "ericdoa",
    "trackName" : "the cake is a lie",
    "msPlayed" : 9820
  },
  {
    "endTime" : "2024-09-21 08:20",
    "artistName" : "Travis Scott",
    "trackName" : "sdp interlude",
    "msPlayed" : 9840
  },
  {
    "endTime" : "2024-09-21 08:20",
    "artistName" : "ericdoa",
    "trackName" : "the cake is a lie",
    "msPlayed" : 114273
  },
  {
    "endTime" : "2024-09-21 08:23",
    "artistName" : "Travis Scott",
    "trackName" : "sdp interlude",
    "msPlayed" : 182010
  },
  {
    "endTime" : "2024-09-21 08:24",
    "artistName" : "Arctic Monkeys",
    "trackName" : "I Wanna Be Yours",
    "msPlayed" : 9870
  },
  {
    "endTime" : "2024-09-21 08:24",
    "artistName" : "Arctic Monkeys",
    "trackName" : "I Wanna Be Yours",
    "msPlayed" : 35660
  },
  {
    "endTime" : "2024-09-21 08:25",
    "artistName" : "Arctic Monkeys",
    "trackName" : "I Wanna Be Yours",
    "msPlayed" : 20900
  },
  {
    "endTime" : "2024-09-21 08:26",
    "artistName" : "The All-American Rejects",
    "trackName" : "Move Along",
    "msPlayed" : 1870
  },
  {
    "endTime" : "2024-09-21 08:26",
    "artistName" : "The All-American Rejects",
    "trackName" : "Move Along",
    "msPlayed" : 9800
  },
  {
    "endTime" : "2024-09-21 08:26",
    "artistName" : "Arctic Monkeys",
    "trackName" : "I Wanna Be Yours",
    "msPlayed" : 78550
  },
  {
    "endTime" : "2024-09-21 08:26",
    "artistName" : "Arctic Monkeys",
    "trackName" : "I Wanna Be Yours",
    "msPlayed" : 1540
  },
  {
    "endTime" : "2024-09-21 08:30",
    "artistName" : "Ross Lynch",
    "trackName" : "On My Own",
    "msPlayed" : 9990
  },
  {
    "endTime" : "2024-09-21 08:30",
    "artistName" : "The All-American Rejects",
    "trackName" : "Move Along",
    "msPlayed" : 226195
  },
  {
    "endTime" : "2024-09-21 08:32",
    "artistName" : "Ross Lynch",
    "trackName" : "On My Own",
    "msPlayed" : 136210
  },
  {
    "endTime" : "2024-09-21 08:32",
    "artistName" : "brakence",
    "trackName" : "intellectual greed",
    "msPlayed" : 9700
  },
  {
    "endTime" : "2024-09-21 08:36",
    "artistName" : "Lil Uzi Vert",
    "trackName" : "Myron",
    "msPlayed" : 9900
  },
  {
    "endTime" : "2024-09-21 08:36",
    "artistName" : "brakence",
    "trackName" : "intellectual greed",
    "msPlayed" : 201010
  },
  {
    "endTime" : "2024-09-21 08:40",
    "artistName" : "Lil Uzi Vert",
    "trackName" : "Myron",
    "msPlayed" : 215230
  },
  {
    "endTime" : "2024-09-21 08:40",
    "artistName" : "OneRepublic",
    "trackName" : "I Ain't Worried",
    "msPlayed" : 9910
  },
  {
    "endTime" : "2024-09-21 08:42",
    "artistName" : "Bruno Mars",
    "trackName" : "Runaway Baby",
    "msPlayed" : 2020
  },
  {
    "endTime" : "2024-09-21 08:42",
    "artistName" : "Bruno Mars",
    "trackName" : "Locked out of Heaven",
    "msPlayed" : 1490
  },
  {
    "endTime" : "2024-09-21 08:42",
    "artistName" : "Sleepy Hallow",
    "trackName" : "Anxiety Freestyle",
    "msPlayed" : 5950
  },
  {
    "endTime" : "2024-09-21 08:42",
    "artistName" : "OneRepublic",
    "trackName" : "I Ain't Worried",
    "msPlayed" : 139296
  },
  {
    "endTime" : "2024-09-21 08:45",
    "artistName" : "Jon Bellion",
    "trackName" : "Ooh",
    "msPlayed" : 910
  },
  {
    "endTime" : "2024-09-21 08:45",
    "artistName" : "Ari Abdul",
    "trackName" : "BABYDOLL (Speed)",
    "msPlayed" : 154790
  },
  {
    "endTime" : "2024-09-21 08:45",
    "artistName" : "Vampire Weekend",
    "trackName" : "A-Punk",
    "msPlayed" : 3720
  },
  {
    "endTime" : "2024-09-21 08:45",
    "artistName" : "Jon Bellion",
    "trackName" : "Kingdom Come",
    "msPlayed" : 630
  },
  {
    "endTime" : "2024-09-21 08:45",
    "artistName" : "Provoker",
    "trackName" : "Rose In A Glass",
    "msPlayed" : 4090
  },
  {
    "endTime" : "2024-09-21 08:47",
    "artistName" : "Vampire Weekend",
    "trackName" : "A-Punk",
    "msPlayed" : 133406
  },
  {
    "endTime" : "2024-09-21 08:47",
    "artistName" : "NIKI",
    "trackName" : "Every Summertime",
    "msPlayed" : 1490
  },
  {
    "endTime" : "2024-09-21 08:47",
    "artistName" : "KANKAKU PIERO",
    "trackName" : "Harukamirai",
    "msPlayed" : 4470
  },
  {
    "endTime" : "2024-09-21 08:47",
    "artistName" : "Magdalena Bay",
    "trackName" : "Killshot - Slowed + Reverb",
    "msPlayed" : 3780
  },
  {
    "endTime" : "2024-09-21 08:48",
    "artistName" : "Childish Gambino",
    "trackName" : "3005",
    "msPlayed" : 9830
  },
  {
    "endTime" : "2024-09-21 08:48",
    "artistName" : "Magdalena Bay",
    "trackName" : "Killshot - Slowed + Reverb",
    "msPlayed" : 19380
  },
  {
    "endTime" : "2024-09-21 08:48",
    "artistName" : "Magdalena Bay",
    "trackName" : "Killshot - Slowed + Reverb",
    "msPlayed" : 960
  },
  {
    "endTime" : "2024-09-21 08:51",
    "artistName" : "Childish Gambino",
    "trackName" : "3005",
    "msPlayed" : 1560
  },
  {
    "endTime" : "2024-09-21 08:51",
    "artistName" : "Childish Gambino",
    "trackName" : "3005",
    "msPlayed" : 180820
  },
  {
    "endTime" : "2024-09-21 08:52",
    "artistName" : "Childish Gambino",
    "trackName" : "3005",
    "msPlayed" : 40790
  },
  {
    "endTime" : "2024-09-21 08:52",
    "artistName" : "Lyrical Lemonade",
    "trackName" : "Stop Giving Me Advice (with Jack Harlow & Dave)",
    "msPlayed" : 9780
  },
  {
    "endTime" : "2024-09-21 08:56",
    "artistName" : "brakence",
    "trackName" : "stung",
    "msPlayed" : 9770
  },
  {
    "endTime" : "2024-09-21 08:56",
    "artistName" : "Lyrical Lemonade",
    "trackName" : "Stop Giving Me Advice (with Jack Harlow & Dave)",
    "msPlayed" : 233421
  },
  {
    "endTime" : "2024-09-21 09:01",
    "artistName" : "re6ce",
    "trackName" : "teeth (you)",
    "msPlayed" : 9410
  },
  {
    "endTime" : "2024-09-21 09:01",
    "artistName" : "brakence",
    "trackName" : "stung",
    "msPlayed" : 326245
  },
  {
    "endTime" : "2024-09-21 09:03",
    "artistName" : "Good Kid",
    "trackName" : "Mimi's Delivery Service",
    "msPlayed" : 9860
  },
  {
    "endTime" : "2024-09-21 09:03",
    "artistName" : "re6ce",
    "trackName" : "teeth (you)",
    "msPlayed" : 112740
  },
  {
    "endTime" : "2024-09-21 09:06",
    "artistName" : "1nonly",
    "trackName" : "Come Thru (feat. Shady Moon & Ciscaux)",
    "msPlayed" : 9840
  },
  {
    "endTime" : "2024-09-21 09:06",
    "artistName" : "Good Kid",
    "trackName" : "Mimi's Delivery Service",
    "msPlayed" : 169694
  },
  {
    "endTime" : "2024-09-21 09:09",
    "artistName" : "glaive",
    "trackName" : "as if",
    "msPlayed" : 670
  },
  {
    "endTime" : "2024-09-21 09:09",
    "artistName" : "1nonly",
    "trackName" : "Come Thru (feat. Shady Moon & Ciscaux)",
    "msPlayed" : 139854
  },
  {
    "endTime" : "2024-09-21 09:09",
    "artistName" : "ericdoa",
    "trackName" : "kickstand",
    "msPlayed" : 1240
  },
  {
    "endTime" : "2024-09-21 09:09",
    "artistName" : "aldrch",
    "trackName" : "antifreeze*",
    "msPlayed" : 6250
  },
  {
    "endTime" : "2024-09-21 09:11",
    "artistName" : "khai dreams",
    "trackName" : "All I Need",
    "msPlayed" : 146190
  },
  {
    "endTime" : "2024-09-21 09:12",
    "artistName" : "overrated",
    "trackName" : "We Could Be Together",
    "msPlayed" : 9670
  },
  {
    "endTime" : "2024-09-21 09:12",
    "artistName" : "glaive",
    "trackName" : "detest me",
    "msPlayed" : 540
  },
  {
    "endTime" : "2024-09-21 09:12",
    "artistName" : "glaive",
    "trackName" : "detest me",
    "msPlayed" : 3750
  },
  {
    "endTime" : "2024-09-21 09:12",
    "artistName" : "glaive",
    "trackName" : "detest me",
    "msPlayed" : 1640
  },
  {
    "endTime" : "2024-09-21 09:12",
    "artistName" : "glaive",
    "trackName" : "detest me",
    "msPlayed" : 260
  },
  {
    "endTime" : "2024-09-21 09:12",
    "artistName" : "glaive",
    "trackName" : "physs",
    "msPlayed" : 2870
  },
  {
    "endTime" : "2024-09-21 09:12",
    "artistName" : "glaive",
    "trackName" : "physs",
    "msPlayed" : 1170
  },
  {
    "endTime" : "2024-09-21 09:12",
    "artistName" : "Jon Bellion",
    "trackName" : "Hand Of God - Outro",
    "msPlayed" : 170
  },
  {
    "endTime" : "2024-09-21 09:12",
    "artistName" : "yungalligator",
    "trackName" : "i kissed",
    "msPlayed" : 2750
  },
  {
    "endTime" : "2024-09-21 09:12",
    "artistName" : "yungalligator",
    "trackName" : "i kissed",
    "msPlayed" : 3550
  },
  {
    "endTime" : "2024-09-21 09:12",
    "artistName" : "yungalligator",
    "trackName" : "i kissed",
    "msPlayed" : 2740
  },
  {
    "endTime" : "2024-09-21 09:12",
    "artistName" : "Lil Darkie",
    "trackName" : "when the world end",
    "msPlayed" : 34480
  },
  {
    "endTime" : "2024-09-21 09:12",
    "artistName" : "Rihanna",
    "trackName" : "Don't Stop The Music",
    "msPlayed" : 5740
  },
  {
    "endTime" : "2024-09-21 09:13",
    "artistName" : "Kanye West",
    "trackName" : "I Wonder",
    "msPlayed" : 360
  },
  {
    "endTime" : "2024-09-21 09:13",
    "artistName" : "NewJeans",
    "trackName" : "OMG",
    "msPlayed" : 590
  },
  {
    "endTime" : "2024-09-21 09:13",
    "artistName" : "glaive",
    "trackName" : "i wanna slam my head against the wall",
    "msPlayed" : 1050
  },
  {
    "endTime" : "2024-09-21 09:13",
    "artistName" : "overrated",
    "trackName" : "We Could Be Together",
    "msPlayed" : 2950
  },
  {
    "endTime" : "2024-09-21 09:13",
    "artistName" : "overrated",
    "trackName" : "We Could Be Together",
    "msPlayed" : 7300
  },
  {
    "endTime" : "2024-09-21 09:13",
    "artistName" : "Bruno Mars",
    "trackName" : "Grenade",
    "msPlayed" : 450
  },
  {
    "endTime" : "2024-09-21 09:13",
    "artistName" : "Yumi",
    "trackName" : "POISON",
    "msPlayed" : 650
  },
  {
    "endTime" : "2024-09-21 09:13",
    "artistName" : "Clean Bandit",
    "trackName" : "Rather Be (feat. Jess Glynne)",
    "msPlayed" : 590
  },
  {
    "endTime" : "2024-09-21 09:13",
    "artistName" : "yungalligator",
    "trackName" : "i kissed",
    "msPlayed" : 800
  },
  {
    "endTime" : "2024-09-21 09:13",
    "artistName" : "yungalligator",
    "trackName" : "i kissed",
    "msPlayed" : 4280
  },
  {
    "endTime" : "2024-09-21 09:13",
    "artistName" : "Dominic Fike",
    "trackName" : "Mona Lisa (Spider-Man: Across the Spider-Verse)",
    "msPlayed" : 880
  },
  {
    "endTime" : "2024-09-21 09:13",
    "artistName" : "glaive",
    "trackName" : "all i do is try my best",
    "msPlayed" : 810
  },
  {
    "endTime" : "2024-09-21 09:14",
    "artistName" : "Kratos",
    "trackName" : "Only Girl - Hardstyle Remix",
    "msPlayed" : 3180
  },
  {
    "endTime" : "2024-09-21 09:14",
    "artistName" : "yungalligator",
    "trackName" : "i kissed",
    "msPlayed" : 71890
  },
  {
    "endTime" : "2024-09-21 09:14",
    "artistName" : "Pitbull",
    "trackName" : "International Love (feat. Chris Brown)",
    "msPlayed" : 6460
  },
  {
    "endTime" : "2024-09-21 09:18",
    "artistName" : "Sparky",
    "trackName" : "Judas - Sped Up",
    "msPlayed" : 9710
  },
  {
    "endTime" : "2024-09-21 09:18",
    "artistName" : "Pitbull",
    "trackName" : "International Love (feat. Chris Brown)",
    "msPlayed" : 220487
  },
  {
    "endTime" : "2024-09-21 09:21",
    "artistName" : "Sparky",
    "trackName" : "Judas - Sped Up",
    "msPlayed" : 197235
  },
  {
    "endTime" : "2024-09-21 09:22",
    "artistName" : "glaive",
    "trackName" : "pretending",
    "msPlayed" : 9750
  },
  {
    "endTime" : "2024-09-21 09:23",
    "artistName" : "Chri$tian Gate$",
    "trackName" : "NUMB",
    "msPlayed" : 220
  },
  {
    "endTime" : "2024-09-21 09:23",
    "artistName" : "glaive",
    "trackName" : "pretending",
    "msPlayed" : 89041
  },
  {
    "endTime" : "2024-09-21 09:23",
    "artistName" : "glaive",
    "trackName" : "three wheels and it still drives!",
    "msPlayed" : 9710
  },
  {
    "endTime" : "2024-09-21 09:26",
    "artistName" : "glaive",
    "trackName" : "three wheels and it still drives!",
    "msPlayed" : 191389
  },
  {
    "endTime" : "2024-09-21 09:27",
    "artistName" : "Chase Atlantic",
    "trackName" : "Into It",
    "msPlayed" : 9680
  },
  {
    "endTime" : "2024-09-21 09:27",
    "artistName" : "Chase Atlantic",
    "trackName" : "Into It",
    "msPlayed" : 3150
  },
  {
    "endTime" : "2024-09-21 09:27",
    "artistName" : "Jon Bellion",
    "trackName" : "Woke The F*ck Up",
    "msPlayed" : 6380
  },
  {
    "endTime" : "2024-09-21 09:30",
    "artistName" : "Yeat",
    "trackName" : "Talk",
    "msPlayed" : 9790
  },
  {
    "endTime" : "2024-09-21 09:30",
    "artistName" : "Jon Bellion",
    "trackName" : "Woke The F*ck Up",
    "msPlayed" : 211830
  },
  {
    "endTime" : "2024-09-21 09:33",
    "artistName" : "Yeat",
    "trackName" : "Talk",
    "msPlayed" : 165587
  },
  {
    "endTime" : "2024-09-21 09:33",
    "artistName" : "Bastille",
    "trackName" : "Pompeii",
    "msPlayed" : 9240
  },
  {
    "endTime" : "2024-09-21 09:33",
    "artistName" : "seth vjerkins",
    "trackName" : "crynomore",
    "msPlayed" : 260
  },
  {
    "endTime" : "2024-09-21 09:35",
    "artistName" : "midwxst",
    "trackName" : "heartache blues",
    "msPlayed" : 9640
  },
  {
    "endTime" : "2024-09-21 09:35",
    "artistName" : "ericdoa",
    "trackName" : "thanks4thewarning",
    "msPlayed" : 97840
  },
  {
    "endTime" : "2024-09-21 09:39",
    "artistName" : "Jon Bellion",
    "trackName" : "Ooh",
    "msPlayed" : 1100
  },
  {
    "endTime" : "2024-09-21 09:39",
    "artistName" : "midwxst",
    "trackName" : "heartache blues",
    "msPlayed" : 216874
  },
  {
    "endTime" : "2024-09-21 09:39",
    "artistName" : "Jon Bellion",
    "trackName" : "Luxury",
    "msPlayed" : 6550
  },
  {
    "endTime" : "2024-09-21 09:39",
    "artistName" : "alt-J",
    "trackName" : "Left Hand Free",
    "msPlayed" : 9930
  },
  {
    "endTime" : "2024-09-21 09:39",
    "artistName" : "alt-J",
    "trackName" : "Left Hand Free",
    "msPlayed" : 500
  },
  {
    "endTime" : "2024-09-21 09:39",
    "artistName" : "Jon Bellion",
    "trackName" : "Ungrateful Eyes",
    "msPlayed" : 1060
  },
  {
    "endTime" : "2024-09-21 09:43",
    "artistName" : "Jon Bellion",
    "trackName" : "Luxury",
    "msPlayed" : 235770
  },
  {
    "endTime" : "2024-09-21 09:43",
    "artistName" : "Jon Bellion",
    "trackName" : "2 Rocking Chairs",
    "msPlayed" : 9870
  },
  {
    "endTime" : "2024-09-21 09:46",
    "artistName" : "Jon Bellion",
    "trackName" : "The Good In Me",
    "msPlayed" : 9800
  },
  {
    "endTime" : "2024-09-21 09:46",
    "artistName" : "Jon Bellion",
    "trackName" : "2 Rocking Chairs",
    "msPlayed" : 170182
  },
  {
    "endTime" : "2024-09-21 09:50",
    "artistName" : "Jon Bellion",
    "trackName" : "While You Count Sheep",
    "msPlayed" : 9910
  },
  {
    "endTime" : "2024-09-21 09:50",
    "artistName" : "Jon Bellion",
    "trackName" : "The Good In Me",
    "msPlayed" : 213805
  },
  {
    "endTime" : "2024-09-21 09:53",
    "artistName" : "Jon Bellion",
    "trackName" : "While You Count Sheep",
    "msPlayed" : 196126
  },
  {
    "endTime" : "2024-09-21 09:53",
    "artistName" : "Jon Bellion",
    "trackName" : "Hand Of God - Outro",
    "msPlayed" : 9800
  },
  {
    "endTime" : "2024-09-21 09:59",
    "artistName" : "Jon Bellion",
    "trackName" : "Blu",
    "msPlayed" : 9910
  },
  {
    "endTime" : "2024-09-21 09:59",
    "artistName" : "Jon Bellion",
    "trackName" : "Hand Of God - Outro",
    "msPlayed" : 327920
  },
  {
    "endTime" : "2024-09-21 10:01",
    "artistName" : "Jon Bellion",
    "trackName" : "Blu",
    "msPlayed" : 137490
  },
  {
    "endTime" : "2024-09-21 10:02",
    "artistName" : "Jon Bellion",
    "trackName" : "Blu",
    "msPlayed" : 37190
  },
  {
    "endTime" : "2024-09-22 22:10",
    "artistName" : "TheFatRat",
    "trackName" : "Monody",
    "msPlayed" : 2360
  },
  {
    "endTime" : "2024-09-22 22:10",
    "artistName" : "League of Legends",
    "trackName" : "GODS",
    "msPlayed" : 5690
  },
  {
    "endTime" : "2024-09-22 22:10",
    "artistName" : "Sabrina Carpenter",
    "trackName" : "Espresso",
    "msPlayed" : 760
  },
  {
    "endTime" : "2024-09-22 22:10",
    "artistName" : "Miley Cyrus",
    "trackName" : "Party In The U.S.A.",
    "msPlayed" : 750
  },
  {
    "endTime" : "2024-09-22 22:10",
    "artistName" : "Playboi Carti",
    "trackName" : "Vamp Anthem",
    "msPlayed" : 11190
  },
  {
    "endTime" : "2024-09-22 22:10",
    "artistName" : "Jon Bellion",
    "trackName" : "An Immigrant",
    "msPlayed" : 97669
  },
  {
    "endTime" : "2024-09-22 22:10",
    "artistName" : "Luci4",
    "trackName" : "BodyPartz - Slowed",
    "msPlayed" : 740
  },
  {
    "endTime" : "2024-09-22 22:13",
    "artistName" : "JAWNY",
    "trackName" : "Honeypie",
    "msPlayed" : 135581
  },
  {
    "endTime" : "2024-09-22 22:15",
    "artistName" : "Getter Jaani",
    "trackName" : "Rockefeller Street (New Nightcore) [#Rockefellerstreet Remix]",
    "msPlayed" : 155008
  },
  {
    "endTime" : "2024-09-22 22:17",
    "artistName" : "фрози",
    "trackName" : "Islands (kompa pasión)",
    "msPlayed" : 126494
  },
  {
    "endTime" : "2024-09-22 22:19",
    "artistName" : "Ken Carson",
    "trackName" : "Yale",
    "msPlayed" : 106536
  },
  {
    "endTime" : "2024-09-22 22:22",
    "artistName" : "Gloria Gaynor",
    "trackName" : "I Will Survive - Single Version",
    "msPlayed" : 198066
  },
  {
    "endTime" : "2024-09-22 22:26",
    "artistName" : "Chief Keef",
    "trackName" : "Love Sosa",
    "msPlayed" : 246213
  },
  {
    "endTime" : "2024-09-22 22:29",
    "artistName" : "Caramella Girls",
    "trackName" : "Caramelldansen",
    "msPlayed" : 175333
  },
  {
    "endTime" : "2024-09-22 22:32",
    "artistName" : "Unknown Artist",
    "trackName" : "Unknown Track",
    "msPlayed" : 170828
  },
  {
    "endTime" : "2024-09-22 22:36",
    "artistName" : "Lucian",
    "trackName" : "Here",
    "msPlayed" : 207519
  },
  {
    "endTime" : "2024-09-22 22:39",
    "artistName" : "DJ TENEBROSO ORIGINAL",
    "trackName" : "Montagem Orquestra Sinfônica",
    "msPlayed" : 185076
  }
]