{
  "tracks": [
    {
      "artist": "Surf Curse",
      "album": "Freaks",
      "track": "Freaks",
      "uri": "spotify:track:7EkWXAI1wn8Ii883ecd9xr"
    },
    {
      "artist": "I Monster",
      "album": "Neveroddoreven",
      "track": "Who Is She ?",
      "uri": "spotify:track:1QxcWlk8PivolUaWcpAoNq"
    },
    {
      "artist": "overrated",
      "album": "We Fell Apart",
      "track": "We Fell Apart",
      "uri": "spotify:track:1d2bU28py12ptXwgDdHdbk"
    },
    {
      "artist": "Home",
      "album": "Before the Night",
      "track": "We're Finally Landing",
      "uri": "spotify:track:1aayZc3JciIs2GhZcSlCrw"
    },
    {
      "artist": "KYLE",
      "album": "iSpy (feat. Lil Yachty)",
      "track": "iSpy (feat. Lil Yachty)",
      "uri": "spotify:track:2EEeOnHehOozLq4aS0n6SL"
    },
    {
      "artist": "Zedd",
      "album": "Clarity",
      "track": "Clarity",
      "uri": "spotify:track:60wwxj6Dd9NJlirf84wr2c"
    },
    {
      "artist": "Powfu",
      "album": "Letter's You Never Received",
      "track": "Would Look Perfect",
      "uri": "spotify:track:2L2mNkEWo818IE4fKbnP0O"
    },
    {
      "artist": "Robin Hustin",
      "album": "Light It Up",
      "track": "Light It Up",
      "uri": "spotify:track:6ibayfvVOby1NSKJFohtZp"
    },
    {
      "artist": "Beach Bunny",
      "album": "Prom Queen",
      "track": "Prom Queen",
      "uri": "spotify:track:6GJdFTOm23lC5bqjYSMJTj"
    },
    {
      "artist": "grandson",
      "album": "a modern tragedy vol. 1",
      "track": "Blood // Water",
      "uri": "spotify:track:7clyJIrLkEbXUDwj1tC9zz"
    },
    {
      "artist": "Lucian",
      "album": "Here",
      "track": "Here",
      "uri": "spotify:track:3USIyrfTbXAtmTkxvnC3Nr"
    },
    {
      "artist": "Freddie Dredd",
      "album": "Freddie's Inferno",
      "track": "Limbo",
      "uri": "spotify:track:37F7E7BKEw2E4O2L7u0IEp"
    },
    {
      "artist": "yvngxchris",
      "album": "Dip",
      "track": "Dip",
      "uri": "spotify:track:0TiQOHhV29sXwfi3B8oBGS"
    },
    {
      "artist": "Louis Capone",
      "album": "Bars No Jutsu",
      "track": "Bars No Jutsu",
      "uri": "spotify:track:5H9VMgnzuU62NYzWdJlqae"
    },
    {
      "artist": "We.B",
      "album": "Ultimate Battle",
      "track": "Ultimate Battle",
      "uri": "spotify:track:1yhrWmu45D4WCcjQnDAyKs"
    },
    {
      "artist": "Ali Özdemir",
      "album": "Nightcore (Mi Mi̇ Mi̇)",
      "track": "Nightcore (Mi Mi̇ Mi̇)",
      "uri": "spotify:track:7m28eOzhHdtFIbLoqSMukU"
    },
    {
      "artist": "Team.ねこかん[猫]",
      "album": "ツナグキズナ",
      "track": "エアーマンが倒せない 天乙准花 ver.",
      "uri": "spotify:track:0EU7NZUHDg6j59pb7IRpfQ"
    },
    {
      "artist": "Ed Sheeran",
      "album": "÷",
      "track": "Shape of You",
      "uri": "spotify:track:7qiZfU4dY1lWllzX7mPBI3"
    },
    {
      "artist": "Metro Boomin",
      "album": "NOT ALL HEROES WEAR CAPES",
      "track": "Space Cadet (feat. Gunna)",
      "uri": "spotify:track:1fewSx2d5KIZ04wsooEBOz"
    },
    {
      "artist": "Kidz Bop Kids",
      "album": "KIDZ BOP 37",
      "track": "Look What You Made Me Do",
      "uri": "spotify:track:0vXmzSmTz7XYmkdlJVSvpY"
    },
    {
      "artist": "LXNGVX",
      "album": "YUM YUM (Super Slowed)",
      "track": "YUM YUM - Super Slowed",
      "uri": "spotify:track:5UsE3PMXcwPq6DnB92Jxbc"
    },
    {
      "artist": "1nonly",
      "album": "Stay With Me",
      "track": "Stay With Me",
      "uri": "spotify:track:2WYs5LxOZfEyURXu7V0O1a"
    },
    {
      "artist": "Siinamota",
      "album": "Alive",
      "track": "Young Girl A",
      "uri": "spotify:track:5sPKAEb7afrIMtdqEnI6H6"
    },
    {
      "artist": "TRASHXRL",
      "album": "Sequência da Dz7",
      "track": "Sequência da Dz7",
      "uri": "spotify:track:12FbZlYxIUv2rhB0oCQEhQ"
    },
    {
      "artist": "deadman 死人",
      "album": "Omae Wa Mou",
      "track": "Omae Wa Mou",
      "uri": "spotify:track:2ujDy4LjQOTm2hOQdO2r71"
    },
    {
      "artist": "Cafuné",
      "album": "Tek It (I Watch the Moon)",
      "track": "Tek It - Sped Up",
      "uri": "spotify:track:0MnTkIEP4zZN1IUSu8MvIz"
    },
    {
      "artist": "Eminem",
      "album": "The Marshall Mathers LP",
      "track": "Stan",
      "uri": "spotify:track:3UmaczJpikHgJFyBTAJVoz"
    },
    {
      "artist": "JT Music",
      "album": "All Five Nights",
      "track": "Join Us for a Bite",
      "uri": "spotify:track:7CTWqCb7LpbwCYawPGg9MZ"
    },
    {
      "artist": "2KE",
      "album": "X-SLIDE",
      "track": "X-SLIDE",
      "uri": "spotify:track:60AVJqYgyAlCckC6Nh2tgO"
    },
    {
      "artist": "Steve Lacy",
      "album": "Bad Habit (Sped Up)",
      "track": "Bad Habit - Sped Up",
      "uri": "spotify:track:4i7HqWsN7iJzsXpsW5h1nb"
    },
    {
      "artist": "YOASOBI",
      "album": "Into the Night",
      "track": "Into The Night",
      "uri": "spotify:track:0JyJVPi4IBCgj2wTRKb0yN"
    },
    {
      "artist": "Kidz Bop Kids",
      "album": "KIDZ BOP 37",
      "track": "Too Good At Goodbyes",
      "uri": "spotify:track:4oNDSKvJ3apzavi9jlcccT"
    },
    {
      "artist": "XXKATUSJINSUX",
      "album": "UR FINAL MESSAGE",
      "track": "UR FINAL MESSAGE",
      "uri": "spotify:track:1Qd5NeFlibPibuglA4vjib"
    },
    {
      "artist": "Montana99",
      "album": "I Can't - Sped Up",
      "track": "I Can't - Sped Up",
      "uri": "spotify:track:62jwQiRfhqGR6GcbahCDWq"
    },
    {
      "artist": "NLE Choppa",
      "album": "CAPO",
      "track": "CAPO",
      "uri": "spotify:track:1KjQPDJQCUuqDj3AmfSBCa"
    },
    {
      "artist": "Hott Headzz",
      "album": "Hmmm, Pt. 2",
      "track": "Hmmm, Pt. 2",
      "uri": "spotify:track:2My8r67cdHd1gD5FDvb3qe"
    },
    {
      "artist": "Lil Peep",
      "album": "Come Over When You're Sober, Pt. 2",
      "track": "Falling Down - Bonus Track",
      "uri": "spotify:track:4jvjzW7Hm0yK4LvvE0Paz9"
    },
    {
      "artist": "Sean Paul",
      "album": "Mad Love The Prequel",
      "track": "No Lie",
      "uri": "spotify:track:48QmG1dfvMuYLxMPt7KSRA"
    },
    {
      "artist": "Halsey",
      "album": "hopeless fountain kingdom",
      "track": "Walls Could Talk",
      "uri": "spotify:track:5ln5yQdUywVbf8HhFsOcd6"
    },
    {
      "artist": "veZk",
      "album": "Blackbear Fashion Week",
      "track": "Blackbear Fashion Week",
      "uri": "spotify:track:3PUb8UBX5nYe6b04endpYE"
    },
    {
      "artist": "Aaron Smith",
      "album": "Ibiza 2019",
      "track": "Dancin - Krono Remix",
      "uri": "spotify:track:4IlqQhaxrGPxmg35YcXXuS"
    },
    {
      "artist": "B.E.R.",
      "album": "The Night Begins to Shine",
      "track": "The Night Begins to Shine",
      "uri": "spotify:track:3eX2JOSwcPjVEe2zbVZ2GH"
    },
    {
      "artist": "Kidz Bop Kids",
      "album": "KIDZ BOP 37",
      "track": "Good Old Days",
      "uri": "spotify:track:0IA27gweJOum8b0pb5DnSR"
    },
    {
      "artist": "--",
      "album": "Mask",
      "track": "Mask - Sus Remix",
      "uri": "spotify:track:3odYtbE5zKZ3UWvwzovZ5i"
    },
    {
      "artist": "Ikimonogakari",
      "album": "Chou Ikimonobakari Tennen Kinen Members Best Selection",
      "track": "ブルーバード",
      "uri": "spotify:track:2XpV9sHBexcNrz0Gyf3l18"
    },
    {
      "artist": "Friedrich Habetler",
      "album": "Ultra Instinct Mastered",
      "track": "Ultra Instinct Mastered",
      "uri": "spotify:track:4duw22vsbUmM6DEwFsHNpD"
    },
    {
      "artist": "glwzbll",
      "album": "Untitled #13 (Slowed + Reverb)",
      "track": "Untitled #13 (Slowed + Reverb)",
      "uri": "spotify:track:4w2C4w02lvnh4jcx6bq0Pj"
    },
    {
      "artist": "Jaah SLT",
      "album": "Tuff",
      "track": "Tuff",
      "uri": "spotify:track:5nCg0pD9BpWouChvS8eMSO"
    },
    {
      "artist": "Odetari",
      "album": "3x3",
      "track": "I LOVE YOU HOE (w/ 9lives)",
      "uri": "spotify:track:0NaUT74rJ0NHS62fewzatU"
    },
    {
      "artist": "Crank Yankers / Sav Macauley",
      "album": "The Best Uncensored Calls - Volume 2",
      "track": "The Phone Zone",
      "uri": "spotify:track:2qaanKeO62f9hy6aDhKp5j"
    },
    {
      "artist": "RidersXTV",
      "album": "Bunny Girl Senpai",
      "track": "Bunny Girl Senpai - Drill Remix",
      "uri": "spotify:track:53CSvkPvuX6BEacwTlcZWV"
    },
    {
      "artist": "XXXTENTACION",
      "album": "?",
      "track": "Hope",
      "uri": "spotify:track:2ZRo7axmMPeSVUvDbGkJah"
    },
    {
      "artist": "Whales",
      "album": "Dead To Me Slow + Reverb",
      "track": "Dead To Me - Slow + Reverb",
      "uri": "spotify:track:7xnElMPFCmSlMJ0AY2hnxc"
    },
    {
      "artist": "Odetari",
      "album": "KEEP UP // FROSTBITE",
      "track": "KEEP UP",
      "uri": "spotify:track:2yR2sziCF4WEs3klW1F38d"
    },
    {
      "artist": "Muhammet Ayyıldız",
      "album": "WORTH NOTHING (SPEED UP)",
      "track": "WORTH NOTHING (SPEED UP)",
      "uri": "spotify:track:3kBafkLzrgxeuCIHxyNNNZ"
    },
    {
      "artist": "The Living Tombstone",
      "album": "Five Nights at Freddy's",
      "track": "Five Nights at Freddy's",
      "uri": "spotify:track:5ZbwPEUqw1hK6rp0ppD8lR"
    },
    {
      "artist": "Tiagz",
      "album": "They Call Me Tiago",
      "track": "My Heart Went Oops",
      "uri": "spotify:track:2KsqycGYiANywGDOPkVmvK"
    },
    {
      "artist": "ZODIVK",
      "album": "DERNIERE DANCE FUNK",
      "track": "DERNIERE DANCE FUNK",
      "uri": "spotify:track:6NxIh2DTIOoATFmezrHv61"
    },
    {
      "artist": "Lizz Robinett",
      "album": "Renai Circulation",
      "track": "Renai Circulation (English Cover) [Full Version]",
      "uri": "spotify:track:1amUG6NczmEvFfKcemDiST"
    },
    {
      "artist": "Hiko",
      "album": "I Wanna Ride I Wanna Ride (Sped Up): Vegas",
      "track": "I Wanna Ride I Wanna Ride (Sped Up): Vegas",
      "uri": "spotify:track:4StJ0qBDOUtbLGLcFXJCcS"
    },
    {
      "artist": "Sleepy Hallow",
      "album": "Sleepy Hallow Presents: Sleepy For President",
      "track": "Deep End Freestyle",
      "uri": "spotify:track:2AlYncTpVHKwHb55F9lF6O"
    },
    {
      "artist": "Lil Nas X",
      "album": "INDUSTRY BABY (feat. Jack Harlow)",
      "track": "INDUSTRY BABY (feat. Jack Harlow)",
      "uri": "spotify:track:27NovPIUIRrOZoCHxABJwK"
    },
    {
      "artist": "Arizona Zervas",
      "album": "Living Facts",
      "track": "FML",
      "uri": "spotify:track:6lruHh1jF7ezgbLv72xYmf"
    },
    {
      "artist": "TIN",
      "album": "Ticking",
      "track": "Ticking",
      "uri": "spotify:track:1t7ZwPiCYLOi1xlP235GRa"
    },
    {
      "artist": "Kidz Bop Kids",
      "album": "KIDZ BOP 37",
      "track": "Feel It Still",
      "uri": "spotify:track:5Ulsw4cscN8fz6QCdjdyWy"
    },
    {
      "artist": "Mr.Kitty",
      "album": "Time",
      "track": "After Dark",
      "uri": "spotify:track:0zCgWGmDF0aih5qexATyBn"
    },
    {
      "artist": "FIFTY FIFTY",
      "album": "The Beginning: Cupid",
      "track": "Cupid - Twin Ver.",
      "uri": "spotify:track:7FbrGaHYVDmfr7KoLIZnQ7"
    },
    {
      "artist": "Freddo",
      "album": "Yes Indeed",
      "track": "Yes Indeed - Gypsy Woman Mix",
      "uri": "spotify:track:7bTXFmcdZuWNZ6R7JhsQCk"
    },
    {
      "artist": "Marshmello",
      "album": "Alone",
      "track": "Alone",
      "uri": "spotify:track:3MEYFivt6bilQ9q9mFWZ4g"
    },
    {
      "artist": "TRASHXRL",
      "album": "Orquestra Maldita",
      "track": "Orquestra Maldita",
      "uri": "spotify:track:5yNcl0KUSPv78Erf26ul5A"
    },
    {
      "artist": "mol$",
      "album": "Harem",
      "track": "GOLDEN WIND!",
      "uri": "spotify:track:3eoFORgglclGm5uwLomyuv"
    },
    {
      "artist": "F.O.O.L",
      "album": "Highway",
      "track": "Highway",
      "uri": "spotify:track:5BwZzYVMsf8EEbQcD1CQp2"
    },
    {
      "artist": "Powfu",
      "album": "death bed (coffee for your head)",
      "track": "death bed (coffee for your head)",
      "uri": "spotify:track:7eJMfftS33KTjuF7lTsMCx"
    },
    {
      "artist": "Cafuné",
      "album": "Running",
      "track": "Tek It",
      "uri": "spotify:track:751srcHf5tUqcEa9pRCQwP"
    },
    {
      "artist": "TEEFIE",
      "album": "ROB YOU MAYBE (HEY WE GOT K ROUNDS)",
      "track": "ROB YOU MAYBE (HEY WE GOT K ROUNDS)",
      "uri": "spotify:track:0PgzDn3NE51xmwOoxZysbC"
    },
    {
      "artist": "Clovis Reyes",
      "album": "Fluxxwave",
      "track": "Fluxxwave",
      "uri": "spotify:track:5K2onWVFDevmZ5y9AgiEcr"
    },
    {
      "artist": "Elley Duhé",
      "album": "MIDDLE OF THE NIGHT",
      "track": "MIDDLE OF THE NIGHT",
      "uri": "spotify:track:58HvfVOeJY7lUuCqF0m3ly"
    },
    {
      "artist": "Shakira",
      "album": "Oral Fixation, Vol. 2 (Expanded Edition)",
      "track": "Hips Don't Lie (feat. Wyclef Jean)",
      "uri": "spotify:track:3ZFTkvIE7kyPt6Nu3PEa7V"
    },
    {
      "artist": "1nonly",
      "album": "Step Back!",
      "track": "Step Back!",
      "uri": "spotify:track:6jdwbcH788txYS6Doy1F1j"
    },
    {
      "artist": "AJR",
      "album": "OK ORCHESTRA",
      "track": "World's Smallest Violin",
      "uri": "spotify:track:3jHBgKdLCf46aP3HRI0WYv"
    },
    {
      "artist": "Caramella Girls",
      "album": "Supergott (Speedy Mixes)",
      "track": "Caramelldansen",
      "uri": "spotify:track:7MwwPyZJ7UKFROj2oVnH6R"
    },
    {
      "artist": "Jasiah",
      "album": "Break Shit",
      "track": "Break Shit",
      "uri": "spotify:track:0Sd0kdgU6HrIclxYjuV99j"
    },
    {
      "artist": "KCHAZE",
      "album": "WAY2FAST",
      "track": "WAY2FAST",
      "uri": "spotify:track:0n9i09R6iwwDb0Tme2tjs9"
    },
    {
      "artist": "LXNGVX",
      "album": "YUM YUM",
      "track": "YUM YUM",
      "uri": "spotify:track:0R902FnwJO8kBZYvtpQLrL"
    },
    {
      "artist": "prodby668",
      "album": "prolly my spookiest beat (sped up)",
      "track": "prolly my spookiest beat (sped up)",
      "uri": "spotify:track:3TK0rB4H4oKHjf1l3Dteop"
    },
    {
      "artist": "Coyote Theory",
      "album": "Color",
      "track": "This Side of Paradise",
      "uri": "spotify:track:79EkGysjP2dL5GdpeQjRxT"
    },
    {
      "artist": "Migos",
      "album": "Culture II",
      "track": "Open It Up",
      "uri": "spotify:track:2LOkdHHNKdEx24cQELBaD8"
    },
    {
      "artist": "Coolio",
      "album": "Gangsta's Paradise",
      "track": "Gangsta's Paradise",
      "uri": "spotify:track:7lQWRAjyhTpCWFC0jmclT4"
    },
    {
      "artist": "Tiagz",
      "album": "They Call Me Tiago",
      "track": "They Call Me Tiago (Her Name Is Margo)",
      "uri": "spotify:track:1Kad3SkSx8G1ixsdH47vuj"
    },
    {
      "artist": "Northmane",
      "album": "Sandy Freak",
      "track": "Sandy Freak",
      "uri": "spotify:track:5shCqU2Fe67VwKwGQ1It6p"
    },
    {
      "artist": "Arizona Zervas",
      "album": "ROXANNE",
      "track": "ROXANNE",
      "uri": "spotify:track:696DnlkuDOXcMAnKlTgXXK"
    },
    {
      "artist": "Travis Scott",
      "album": "SICKO MODE",
      "track": "SICKO MODE - Skrillex Remix",
      "uri": "spotify:track:0u695M7KyzXaPIjpEbxOkB"
    },
    {
      "artist": "Yeat",
      "album": "2093",
      "track": "If We Being Rëal",
      "uri": "spotify:track:0YThXX1dqUpYBLyJNAsF9N"
    },
    {
      "artist": "Toby Fox",
      "album": "UNDERTALE Soundtrack",
      "track": "MEGALOVANIA",
      "uri": "spotify:track:1J03Vp93ybKIxfzYI4YJtL"
    },
    {
      "artist": "Sped Up Songs + Nightcore",
      "album": "Strangers (feat. Kenya Grace) - Sped Up",
      "track": "Strangers (feat. Kenya Grace) - Sped Up",
      "uri": "spotify:track:2CFl2JZVw74jVO5LTyiim3"
    },
    {
      "artist": "Shae OT",
      "album": "Super Smash Bros Brawl Drill Beat (Life Ain't Fair)",
      "track": "Super Smash Bros Brawl Drill Beat (Life Ain't Fair)",
      "uri": "spotify:track:73PPGDE65hW7SaZ1zO5mud"
    },
    {
      "artist": "TheFatRat",
      "album": "Unity",
      "track": "Unity",
      "uri": "spotify:track:47qYqGPgMTh3l1PRKBHEfI"
    },
    {
      "artist": "Rob $tone",
      "album": "Chill Bill REMIX (feat. D.R.A.M., Denzel Curry & Cousin Stizz)",
      "track": "Chill Bill REMIX (feat. D.R.A.M., Denzel Curry & Cousin Stizz)",
      "uri": "spotify:track:2Vo3sVSCltAaYU1u0f9ASz"
    },
    {
      "artist": "DTB olmo",
      "album": "Kinmino",
      "track": "Kinmino",
      "uri": "spotify:track:0mdgdCwu2kqNnIsGuahuPU"
    },
    {
      "artist": "Kidz Bop Kids",
      "album": "KIDZ BOP 37",
      "track": "...Ready For It?",
      "uri": "spotify:track:7g66mQFNe7TBW8H03pMiuj"
    },
    {
      "artist": "MDK",
      "album": "Press Start",
      "track": "Press Start",
      "uri": "spotify:track:6gCkhtTNxRCTe5auCcGSzj"
    },
    {
      "artist": "Datsik",
      "album": "Sensei",
      "track": "Just Saiyan'",
      "uri": "spotify:track:4W0FNDTdHWp5o9FekgGRYQ"
    },
    {
      "artist": "Andrew Gold",
      "album": "Halloween Howls: Fun & Scary Music",
      "track": "Spooky, Scary Skeletons - Undead Tombstone Remix",
      "uri": "spotify:track:1sUdq3kWa9dJXHu3eYOUll"
    },
    {
      "artist": "Doja Cat",
      "album": "Planet Her",
      "track": "Get Into It (Yuh)",
      "uri": "spotify:track:0W6I02J9xcqK8MtSeosEXb"
    },
    {
      "artist": "Julie Andrews",
      "album": "The Sherman Brothers Songbook",
      "track": "Supercalifragilisticexpialidocious - From \"Mary Poppins\"/Soundtrack Version",
      "uri": "spotify:track:5mXBaDm21IbxvWSl1AHCpq"
    },
    {
      "artist": "Friedrich Habetler",
      "album": "究極の聖戦バトル",
      "track": "究極の聖戦バトル",
      "uri": "spotify:track:2PJFlCSB7UhyZFs1nMdLq3"
    },
    {
      "artist": "X4NN3X",
      "album": "My Ordinary",
      "track": "My Ordinary",
      "uri": "spotify:track:6rZuhXsJi7IVedcXf62faZ"
    },
    {
      "artist": "The Walters",
      "album": "I Love You So",
      "track": "I Love You So",
      "uri": "spotify:track:4SqWKzw0CbA05TGszDgMlc"
    },
    {
      "artist": "Yeat",
      "album": "Up 2 Më",
      "track": "Monëy so big",
      "uri": "spotify:track:7BbaIYAdi3pg4MGl6PHwPv"
    },
    {
      "artist": "MGMT",
      "album": "Little Dark Age",
      "track": "Little Dark Age",
      "uri": "spotify:track:2Y0iGXY6m6immVb2ktbseM"
    },
    {
      "artist": "tapzen",
      "album": "Oxygen",
      "track": "Oxygen",
      "uri": "spotify:track:1iORCg9sUpapSRDQzOXC4e"
    },
    {
      "artist": "Asketa & Natan Chaim",
      "album": "Warriors",
      "track": "Warriors",
      "uri": "spotify:track:67CXgSwER3AaTU67HhxJCO"
    },
    {
      "artist": "blackbear",
      "album": "everything means nothing",
      "track": "hot girl bummer",
      "uri": "spotify:track:6jRq8gaZhMUyy5RclRPcAf"
    },
    {
      "artist": "visioner.",
      "album": "Menace",
      "track": "Menace (Sped Up)",
      "uri": "spotify:track:1RmMx2OrlW4IS76iPwg4Vl"
    },
    {
      "artist": "Sinoda",
      "album": "Kujo Freestyle",
      "track": "Kujo Freestyle",
      "uri": "spotify:track:1VvwxqIfKRazmvE7zdDFRg"
    },
    {
      "artist": "ZWE1HVNDXR",
      "album": "LOVELY BASTARDS",
      "track": "LOVELY BASTARDS",
      "uri": "spotify:track:0EqczV3o6fwksegAavIHpX"
    },
    {
      "artist": "J. Cole",
      "album": "Born Sinner",
      "track": "She Knows (feat. Amber Coffman & Cults)",
      "uri": "spotify:track:0Fs9cdPDhptWEDJmiCbkEW"
    },
    {
      "artist": "Kordhell",
      "album": "Phonkageddon",
      "track": "Live Another Day",
      "uri": "spotify:track:34lfu3S4fIcKZRNXzbdbo7"
    },
    {
      "artist": "Matt Maltese",
      "album": "As the World Caves In",
      "track": "As the World Caves In",
      "uri": "spotify:track:4JE6agBLHGA5TaF6FlqfBD"
    },
    {
      "artist": "Richard Carter",
      "album": "Talk to Me",
      "track": "Le Monde - From Talk to Me",
      "uri": "spotify:track:424DkevE18QJazwlljiTD4"
    },
    {
      "artist": "DJ RIO",
      "album": "AUTOMOTIVO PA PA PAPAI",
      "track": "AUTOMOTIVO PA PA PAPAI",
      "uri": "spotify:track:1NtMNAwcKxDskiXrsBXlx1"
    },
    {
      "artist": "Kidz Bop Kids",
      "album": "KIDZ BOP 37",
      "track": "Thunder",
      "uri": "spotify:track:6zJiQz6bAScLMLn2OzhN6o"
    },
    {
      "artist": "Eminem",
      "album": "Music To Be Murdered By",
      "track": "Godzilla (feat. Juice WRLD)",
      "uri": "spotify:track:7FIWs0pqAYbP91WWM0vlTQ"
    },
    {
      "artist": "Vierre Cloud",
      "album": "moment",
      "track": "moment",
      "uri": "spotify:track:5K9tfeoiztw94dyWzF39jq"
    },
    {
      "artist": "We.B",
      "album": "Ultimate Battle - Ka Ka Kachi Daze (From \"Dragon Ball Super\")",
      "track": "Ultimate Battle - Ka Ka Kachi Daze (From \"Dragon Ball Super\")",
      "uri": "spotify:track:1SpB1JlQKeOK2nN7kp23wi"
    },
    {
      "artist": "Luci4",
      "album": "BodyPartz",
      "track": "BodyPartz",
      "uri": "spotify:track:63CSKIfM2wO1K2huueWnMz"
    },
    {
      "artist": "snackrunner",
      "album": "Sea of Thieves",
      "track": "Sea of Thieves",
      "uri": "spotify:track:2viZDUge9XzVhB8SYiUqZp"
    },
    {
      "artist": "DotEXE",
      "album": "Classics.exe",
      "track": "Terminated",
      "uri": "spotify:track:0n01nFYjWz4EE678nKh1zm"
    },
    {
      "artist": "Måneskin",
      "album": "Chosen",
      "track": "Beggin'",
      "uri": "spotify:track:3Wrjm47oTz2sjIgck11l5e"
    },
    {
      "artist": "Mitski",
      "album": "The Land Is Inhospitable and So Are We",
      "track": "My Love Mine All Mine",
      "uri": "spotify:track:3vkCueOmm7xQDoJ17W1Pm3"
    },
    {
      "artist": "visioner.",
      "album": "Menace",
      "track": "Menace",
      "uri": "spotify:track:7JLcecds12AYxfMqA8nZWp"
    },
    {
      "artist": "Eminem",
      "album": "Encore",
      "track": "Mockingbird",
      "uri": "spotify:track:561jH07mF1jHuk7KlaeF0s"
    },
    {
      "artist": "Lil 2z",
      "album": "6 AM",
      "track": "2z Don Corleon",
      "uri": "spotify:track:5DoPoFpGLfEu9KyhbGULMB"
    },
    {
      "artist": "YOUNGX777",
      "album": "MENACE TO SOCIETY",
      "track": "TOXIC",
      "uri": "spotify:track:1VDMwC7FdXCbeVCpeKUYjg"
    },
    {
      "artist": "Harry Styles",
      "album": "As It Was",
      "track": "As It Was",
      "uri": "spotify:track:4LRPiXqCikLlN15c3yImP7"
    },
    {
      "artist": "Laufey",
      "album": "From The Start",
      "track": "From The Start",
      "uri": "spotify:track:1Ukxccao1BlWrPhYkcXbwZ"
    },
    {
      "artist": "mikeeysmind",
      "album": "After Dark x Sweater Weather",
      "track": "After Dark x Sweater Weather",
      "uri": "spotify:track:4b8mFdxfCSTarIUfhMY8yR"
    },
    {
      "artist": "DJ MOIGUS",
      "album": "PHONK BRASILEIRO FRESCO",
      "track": "PHONK BRASILEIRO FRESCO",
      "uri": "spotify:track:6Y975MrXSsIJaXyvPSKdsQ"
    },
    {
      "artist": "Bruno Mars",
      "album": "24K Magic",
      "track": "That's What I Like",
      "uri": "spotify:track:0KKkJNfGyhkQ5aFogxQAPU"
    },
    {
      "artist": "Mustard",
      "album": "Perfect Ten",
      "track": "Ballin' (with Roddy Ricch)",
      "uri": "spotify:track:3QzAOrNlsabgbMwlZt7TAY"
    },
    {
      "artist": "22december",
      "album": "chinatown!",
      "track": "chinatown!",
      "uri": "spotify:track:4JipCNXiKHe9LiKqMQr5w7"
    },
    {
      "artist": "PengoBird",
      "album": "didn't care",
      "track": "didn't care",
      "uri": "spotify:track:5N1JkS1SfLf0HK5TgVmz6O"
    },
    {
      "artist": "Frou Frou",
      "album": "A New Kind Of Love",
      "track": "A New Kind Of Love - Demo",
      "uri": "spotify:track:3fuyYaLhZ2RoP9eWpvfP1H"
    },
    {
      "artist": "Oliver Tree",
      "album": "Miss You",
      "track": "Miss You",
      "uri": "spotify:track:73vIOb4Q7YN6HeJTbscRx5"
    },
    {
      "artist": "Shimitsu Dayo",
      "album": "ロシアの歌",
      "track": "ロシアの歌",
      "uri": "spotify:track:5o4omNQgAr2wuMHra3B5KH"
    },
    {
      "artist": "Kidz Bop Kids",
      "album": "KIDZ BOP 37",
      "track": "How Long",
      "uri": "spotify:track:2qyyaHCiDlwkYZTVIk1bzL"
    },
    {
      "artist": "BENNETT",
      "album": "Vois sur ton chemin",
      "track": "Vois sur ton chemin - DJ Holanda MONTAGEM CORAL Remix",
      "uri": "spotify:track:63dZfbF0v1bN5G447DhlF8"
    },
    {
      "artist": "Kidz Bop Kids",
      "album": "KIDZ BOP 37",
      "track": "Bad At Love",
      "uri": "spotify:track:66zGkzjV4vDmBE3F34fGpt"
    },
    {
      "artist": "Speedy Radio",
      "album": "My Ordinary Life",
      "track": "My Ordinary Life",
      "uri": "spotify:track:4PVu1RgWsYqb406ubqCy68"
    },
    {
      "artist": "Tiagz",
      "album": "They Call Me Tiago",
      "track": "Zoom",
      "uri": "spotify:track:2cGLCzfRq6h61rjUpsPerv"
    },
    {
      "artist": "Kaihotic",
      "album": "Money So Big",
      "track": "Money So Big",
      "uri": "spotify:track:5tjHLEezBrot1Iqx31QfNb"
    },
    {
      "artist": "JVKE",
      "album": "this is what ____ feels like (Vol. 1-4)",
      "track": "this is what falling in love feels like",
      "uri": "spotify:track:2PWTZV5znjLtZC5T1EVJvL"
    },
    {
      "artist": "Nicki Minaj",
      "album": "Super Freaky Girl",
      "track": "Super Freaky Girl",
      "uri": "spotify:track:4C6Uex2ILwJi9sZXRdmqXp"
    },
    {
      "artist": "IShowSpeed",
      "album": "Shake, Pt. 2 (Get Get Down Version)",
      "track": "Shake, Pt. 2 (Get Get Down Version)",
      "uri": "spotify:track:3bTlCLq2k0NsauIA1cV38e"
    },
    {
      "artist": "TypeHeat",
      "album": "Dream Speedrun",
      "track": "Dream Speedrun",
      "uri": "spotify:track:6EjKOD1tvUJHOgg2XnYRkD"
    },
    {
      "artist": "The Living Tombstone",
      "album": "Five Nights at Freddy's",
      "track": "Five Nights at Freddy's",
      "uri": "spotify:track:2ItNKt19iqefEe590Z9GeE"
    },
    {
      "artist": "Yeat",
      "album": "Talk",
      "track": "Talk",
      "uri": "spotify:track:0ypjMI7vHiDP4sLB1C0Qna"
    },
    {
      "artist": "Portugal. The Man",
      "album": "Woodstock",
      "track": "Feel It Still",
      "uri": "spotify:track:6QgjcU0zLnzq5OrUoSZ3OK"
    },
    {
      "artist": "MUPP",
      "album": "vendetta!",
      "track": "vendetta!",
      "uri": "spotify:track:5Sk39LuvdwuvL84jD01Dum"
    },
    {
      "artist": "Olivia Rodrigo",
      "album": "SOUR",
      "track": "good 4 u",
      "uri": "spotify:track:4ZtFanR9U6ndgddUvNcjcG"
    },
    {
      "artist": "Thousand Foot Krutch",
      "album": "The End Is Where We Begin",
      "track": "Courtesy Call",
      "uri": "spotify:track:0AOmbw8AwDnwXhHC3OhdVB"
    },
    {
      "artist": "Dua Lipa",
      "album": "Don't Start Now",
      "track": "Don't Start Now",
      "uri": "spotify:track:6WrI0LAC5M1Rw2MnX2ZvEg"
    },
    {
      "artist": "BoyWithUke",
      "album": "Toxic",
      "track": "Toxic",
      "uri": "spotify:track:2gQPv5jvVPqU2a9HhMNO1v"
    },
    {
      "artist": "Beach Weather",
      "album": "Chit Chat",
      "track": "Sex, Drugs, Etc.",
      "uri": "spotify:track:7DbdUf8aHSYoliSjO6LZv6"
    },
    {
      "artist": "Kenya Grace",
      "album": "Strangers",
      "track": "Strangers",
      "uri": "spotify:track:5mjYQaktjmjcMKcUIcqz4s"
    },
    {
      "artist": "Aests",
      "album": "The Classics",
      "track": "FIGHT! - Flyday Chinatown",
      "uri": "spotify:track:5uSG2qFsXcAG1QV5D5jmML"
    },
    {
      "artist": "EyeKeem",
      "album": "Gasolina",
      "track": "Gasolina",
      "uri": "spotify:track:2OOILLRKElCME0gitD9CBT"
    },
    {
      "artist": "Kad1r",
      "album": "Balenciaga",
      "track": "Balenciaga",
      "uri": "spotify:track:2mmhCjzq4wJm0dTdbBYHAe"
    },
    {
      "artist": "fam0uz",
      "album": "Kerosene (Sped Up)",
      "track": "Kerosene - Sped Up",
      "uri": "spotify:track:49dWV0bmBvIG4R37ipjbMR"
    },
    {
      "artist": "Panda Eyes",
      "album": "KIKO",
      "track": "Highscore",
      "uri": "spotify:track:3uZtP8Jf7rdRS7ARASBLmN"
    },
    {
      "artist": "Josh A",
      "album": "The Flow Awakens",
      "track": "No Chill (feat. Mr T Lexify)",
      "uri": "spotify:track:47fIyWY81h5QmLA1aUj7rv"
    },
    {
      "artist": "Dxrk ダーク",
      "album": "RAVE",
      "track": "RAVE",
      "uri": "spotify:track:01kfSdF9zfcDLri5sSWEoL"
    },
    {
      "artist": "TheFatRat",
      "album": "Stronger",
      "track": "Stronger",
      "uri": "spotify:track:0iTI5FTB9iEUtcMdx9YyZS"
    },
    {
      "artist": "overrated",
      "album": "We Could Be Together",
      "track": "We Could Be Together",
      "uri": "spotify:track:4glve8QsCKBcnzTrHxURL7"
    },
    {
      "artist": "Tiagz",
      "album": "They Call Me Tiago",
      "track": "They Call Me Tiago (Her Name Is Margo) (Tiagz Remix)",
      "uri": "spotify:track:3NfZTXXDpHO3JGwD9ja64H"
    },
    {
      "artist": "ZWE1HVNDXR",
      "album": "LOVELY BASTARDS",
      "track": "LOVELY BASTARDS - Slowed",
      "uri": "spotify:track:0D1lgFbxCMU4aieSJWSy9H"
    },
    {
      "artist": "DotEXE",
      "album": "Monster (Rework)",
      "track": "Monster (Rework)",
      "uri": "spotify:track:4LfryUF6KUoJNPoOhSsV7z"
    },
    {
      "artist": "Eric Evhenry",
      "album": "Hello girl",
      "track": "Hello girl",
      "uri": "spotify:track:7dK0q9CZ7KPcl53nedxxDZ"
    },
    {
      "artist": "YoungLordDaggerDick",
      "album": "Okay I'm Turnt",
      "track": "Okay I'm Turnt",
      "uri": "spotify:track:02HHdwuVSeiq7FTfbOh1Cb"
    },
    {
      "artist": "Hensonn",
      "album": "Flare",
      "track": "Flare",
      "uri": "spotify:track:3hzelPptWzx0OrSDTyIuuy"
    },
    {
      "artist": "KCHAZE",
      "album": "2 FAST",
      "track": "2 FAST",
      "uri": "spotify:track:1D0OSfB6REHgdHX3lL6MiM"
    },
    {
      "artist": "Taylor Swift",
      "album": "1989",
      "track": "Shake It Off",
      "uri": "spotify:track:5xTtaWoae3wi06K5WfVUUH"
    },
    {
      "artist": "League of Legends",
      "album": "GODS",
      "track": "GODS",
      "uri": "spotify:track:210JJAa9nJOgNa0YNrsT5g"
    },
    {
      "artist": "DigBar",
      "album": "Crazy Rap (Colt 45)",
      "track": "Crazy Rap (Colt 45) - GAYMIX",
      "uri": "spotify:track:0D4jbJ1Zpc1B0iKRZvf1F0"
    },
    {
      "artist": "Lil Uzi Vert",
      "album": "Watch This",
      "track": "Watch This - ARIZONATEARS Pluggnb Remix",
      "uri": "spotify:track:0FA4wrjDJvJTTU8AepZTup"
    },
    {
      "artist": "Miley Cyrus",
      "album": "The Time Of Our Lives",
      "track": "Party In The U.S.A.",
      "uri": "spotify:track:5Q0Nhxo0l2bP3pNjpGJwV1"
    },
    {
      "artist": "Armani White",
      "album": "BILLIE EILISH.",
      "track": "BILLIE EILISH.",
      "uri": "spotify:track:27ZZdyTSQWI7Cug2d2PkqV"
    },
    {
      "artist": "Surfaces",
      "album": "Where the Light Is",
      "track": "Sunday Best",
      "uri": "spotify:track:1Cv1YLb4q0RzL6pybtaMLo"
    },
    {
      "artist": "Slumpp",
      "album": "Prosperity-EP",
      "track": "Tokyo Drift",
      "uri": "spotify:track:63lWsON6xknIdKIypN1mKv"
    },
    {
      "artist": "24kGoldn",
      "album": "DROPPED OUTTA COLLEGE",
      "track": "CITY OF ANGELS",
      "uri": "spotify:track:6ap9lSRJ0iLriGLqoJ44cq"
    },
    {
      "artist": "Josh A",
      "album": "Fearless",
      "track": "Pain",
      "uri": "spotify:track:39LJCSHy7nB1akjmhMQ7Y7"
    },
    {
      "artist": "Luci4",
      "album": "BodyPartz",
      "track": "BodyPartz - Slowed",
      "uri": "spotify:track:5QVUnUD20mRBaa3JVpkXk8"
    },
    {
      "artist": "Doja Cat",
      "album": "Planet Her",
      "track": "Woman",
      "uri": "spotify:track:6Uj1ctrBOjOas8xZXGqKk4"
    },
    {
      "artist": "Apollo Fresh",
      "album": "JoJo Pose",
      "track": "JoJo Pose",
      "uri": "spotify:track:4dPVmeisPfQrLcjx0Wz1KW"
    },
    {
      "artist": "Rockstar Tweek",
      "album": "10 11 13",
      "track": "10 11 13",
      "uri": "spotify:track:5e4uRflfVSXee5Cp1ZnptU"
    },
    {
      "artist": "sped up nightcore",
      "album": "Drowning",
      "track": "Drowning - Sped Up Version",
      "uri": "spotify:track:40x8vMUHIjqd2A5EtHEvAb"
    },
    {
      "artist": "DNCE",
      "album": "DNCE",
      "track": "Cake By The Ocean",
      "uri": "spotify:track:76hfruVvmfQbw0eYn1nmeC"
    },
    {
      "artist": "fam0uz",
      "album": "Kerosene",
      "track": "Kerosene - Sped Up",
      "uri": "spotify:track:7rxjNVqyjTW7igBlVJD1aw"
    },
    {
      "artist": "Daichi Miura",
      "album": "Blizzard",
      "track": "Blizzard - Movie Edit - English Ver.",
      "uri": "spotify:track:5EbEdHJ2PdVeZE67RJNsrd"
    },
    {
      "artist": "Andrew Gold",
      "album": "Halloween Howls: Fun & Scary Music",
      "track": "Spooky, Scary Skeletons",
      "uri": "spotify:track:23V08GxMeaZNSf8Gy6KF6t"
    },
    {
      "artist": "YOASOBI",
      "album": "夜に駆ける",
      "track": "夜に駆ける",
      "uri": "spotify:track:3dPtXHP0oXQ4HCWHsOA9js"
    },
    {
      "artist": "M.I.M.E",
      "album": "Rise Up",
      "track": "Rise Up",
      "uri": "spotify:track:2vKRKqPl8YhyWzFFKn3NaA"
    },
    {
      "artist": "PLAYAMANE",
      "album": "MIDNIGHT",
      "track": "MIDNIGHT",
      "uri": "spotify:track:2WzAAerBvZvvFXgUpSwHZ9"
    },
    {
      "artist": "overrated",
      "album": "We Fell Apart - Slowed",
      "track": "We Fell Apart - Slowed",
      "uri": "spotify:track:6quitQPG3Gr3GMHC6L5CCG"
    },
    {
      "artist": "LMFAO",
      "album": "Sorry For Party Rocking",
      "track": "Party Rock Anthem",
      "uri": "spotify:track:0IkKz2J93C94Ei4BvDop7P"
    },
    {
      "artist": "halberd",
      "album": "carry on",
      "track": "carry on",
      "uri": "spotify:track:7GpUcvEemkO1KPoM7Hick6"
    },
    {
      "artist": "The Living Tombstone",
      "album": "Discord",
      "track": "Discord",
      "uri": "spotify:track:611nlMA40SKg9gQ4pTVXT3"
    },
    {
      "artist": "Felax",
      "album": "Cerberus",
      "track": "Industry E.T.",
      "uri": "spotify:track:0nQnKhRw2QQGzZWld3Urav"
    },
    {
      "artist": "Imagine Dragons",
      "album": "Bones",
      "track": "Bones",
      "uri": "spotify:track:0HqZX76SFLDz2aW8aiqi7G"
    },
    {
      "artist": "The Living Tombstone",
      "album": "I Got No Time",
      "track": "I Got No Time",
      "uri": "spotify:track:6HYKgl1NaCgJkm24EeaeKs"
    },
    {
      "artist": "Rob $tone",
      "album": "Chill Bill (feat. J. Davi$ & Spooks)",
      "track": "Chill Bill (feat. J. Davi$ & Spooks)",
      "uri": "spotify:track:5uDASfU19gDxSjW8cnCaBp"
    },
    {
      "artist": "Charuss",
      "album": "Tie My Shoes",
      "track": "Tie My Shoes",
      "uri": "spotify:track:302sk5Z0aQQ3ubnkuflKH0"
    },
    {
      "artist": "K'NAAN",
      "album": "Troubadour",
      "track": "Bang Bang",
      "uri": "spotify:track:61YzdCCBPM5Pc7lIiD5i8C"
    },
    {
      "artist": "Nathan Evans",
      "album": "Wellerman - Sea Shanty / 220 KID x Billen Ted Remix",
      "track": "Wellerman - Sea Shanty / 220 KID x Billen Ted Remix",
      "uri": "spotify:track:3iw6V4LH7yPj1ESORX9RIN"
    },
    {
      "artist": "Montana99",
      "album": "I Can't",
      "track": "I Can't",
      "uri": "spotify:track:0Zo8a2oMdEKCBPFszXtxqN"
    },
    {
      "artist": "Carly Rae Jepsen",
      "album": "Kiss",
      "track": "Call Me Maybe",
      "uri": "spotify:track:3TGRqZ0a2l1LRblBkJoaDx"
    },
    {
      "artist": "6YNTHMANE",
      "album": "BRAZILIAN DANÇA PHONK",
      "track": "BRAZILIAN DANÇA PHONK",
      "uri": "spotify:track:6yVjjQA31SLM1kc4j5jPwF"
    },
    {
      "artist": "g3ox_em",
      "album": "GigaChad Theme (Phonk House Version)",
      "track": "GigaChad Theme (Phonk House Version) - Slowed",
      "uri": "spotify:track:1CGWbanDwyns1iXF89GZNO"
    },
    {
      "artist": "VALORANT",
      "album": "SUPERPOWER",
      "track": "SUPERPOWER",
      "uri": "spotify:track:3kfQuU6FXW4OXHIHjuups7"
    },
    {
      "artist": "Halsey",
      "album": "BADLANDS",
      "track": "New Americana",
      "uri": "spotify:track:6Xs7OKt6i0Ddq8B4M5Dgvr"
    },
    {
      "artist": "Ken Carson",
      "album": "Teen X",
      "track": "Yale",
      "uri": "spotify:track:0HTIrbUwwFn984RzVZm5Fk"
    },
    {
      "artist": "CURSEDEVIL",
      "album": "TUCA DONKA",
      "track": "TUCA DONKA",
      "uri": "spotify:track:7bxyNLXYaEYaZTxAuQTHlD"
    },
    {
      "artist": "Nirvana",
      "album": "Nevermind",
      "track": "Smells Like Teen Spirit",
      "uri": "spotify:track:5ghIJDpPoe3CfHMGu71E6T"
    },
    {
      "artist": "Dwills",
      "album": "Closeted Love",
      "track": "Closeted Love",
      "uri": "spotify:track:3g28lTAmp91weqHGk6trrt"
    },
    {
      "artist": "HBK CAPPO",
      "album": "Something Snapped",
      "track": "Something Snapped",
      "uri": "spotify:track:0XhmIFqUxuqjmP9ijzE2Gj"
    },
    {
      "artist": "KENTENSHI",
      "album": "paranoia",
      "track": "paranoia",
      "uri": "spotify:track:7w4t6sPVdboBZpa5prmUuj"
    },
    {
      "artist": "Tiagz",
      "album": "They Call Me Tiago",
      "track": "I Said No",
      "uri": "spotify:track:38C2zebFTFPn57spePuArf"
    },
    {
      "artist": "Oliver Tree",
      "album": "Miss You",
      "track": "Miss You - Sped Up Version",
      "uri": "spotify:track:4pH8cIlMI9NrTWcDiQbuRe"
    },
    {
      "artist": "Unlike Pluto",
      "album": "Everything Black",
      "track": "Everything Black",
      "uri": "spotify:track:3UEnF6y5tyHVtMzldS3svp"
    },
    {
      "artist": "J-swae",
      "album": "Broken Hearts",
      "track": "Track Meet",
      "uri": "spotify:track:05xI48iEtJr2wtIZkGuouZ"
    },
    {
      "artist": "Kali Uchis",
      "album": "Moonlight",
      "track": "Moonlight",
      "uri": "spotify:track:2i2gDpKKWjvnRTOZRhaPh2"
    },
    {
      "artist": "Kali Uchis",
      "album": "Sin Miedo (del Amor y Otros Demonios) ∞",
      "track": "telepatía",
      "uri": "spotify:track:6tDDoYIxWvMLTdKpjFkc1B"
    },
    {
      "artist": "Lost Sky",
      "album": "Fearless Pt. II",
      "track": "Fearless Pt. II",
      "uri": "spotify:track:4VZH6OfxPy1nNE7KbtVKyK"
    },
    {
      "artist": "grandson",
      "album": "BLOOD // EDITS",
      "track": "Blood // Water - King Kavalier Remix",
      "uri": "spotify:track:1vhNd2F1bNKV7DN4Moa8z2"
    },
    {
      "artist": "Ava Max",
      "album": "Heaven & Hell",
      "track": "Kings & Queens",
      "uri": "spotify:track:7a53HqqArd4b9NF4XAmlbI"
    },
    {
      "artist": "Yvetzal",
      "album": "Retribution",
      "track": "Retribution",
      "uri": "spotify:track:4rTsX3eOsiu64JTKrpgwdL"
    },
    {
      "artist": "Nicky Youre",
      "album": "Sunroof",
      "track": "Sunroof",
      "uri": "spotify:track:4h4QlmocP3IuwYEj2j14p8"
    },
    {
      "artist": "Ren",
      "album": "Bumble bee",
      "track": "Bumble bee - Speed",
      "uri": "spotify:track:6EhevV2nXCDXK9gZiXLkbn"
    },
    {
      "artist": "Kidz Bop Kids",
      "album": "KIDZ BOP 37",
      "track": "Praying",
      "uri": "spotify:track:5qTpOOBy7SYWfqCclp5kjX"
    },
    {
      "artist": "TheFatRat",
      "album": "Monody",
      "track": "Monody",
      "uri": "spotify:track:4Rd5l7mIiV0V35AhxHV1oh"
    },
    {
      "artist": "Melanie Martinez",
      "album": "Cry Baby",
      "track": "Play Date",
      "uri": "spotify:track:4DpNNXFMMxQEKl7r0ykkWA"
    },
    {
      "artist": "Yeat",
      "album": "Already Rich",
      "track": "Already Rich",
      "uri": "spotify:track:61eJ7HqXGyHfmHIqJApX7v"
    },
    {
      "artist": "B3Y0NDA110DD$",
      "album": "Life Ain't Fair",
      "track": "Life Ain't Fair",
      "uri": "spotify:track:2HP59JGIaJjuTZ6r48qG39"
    },
    {
      "artist": "Imagine Dragons",
      "album": "Enemy (with JID) - from the series Arcane League of Legends",
      "track": "Enemy (with JID) - from the series Arcane League of Legends",
      "uri": "spotify:track:1r9xUipOqoNwggBpENDsvJ"
    },
    {
      "artist": "Lady Gaga",
      "album": "The Fame",
      "track": "Poker Face",
      "uri": "spotify:track:5R8dQOPq8haW94K7mgERlO"
    },
    {
      "artist": "DVRST",
      "album": "Close Eyes",
      "track": "Close Eyes - Slowed + Reverb",
      "uri": "spotify:track:5RE3w3M9g5vsotdIVtLONq"
    },
    {
      "artist": "Yung Spinach Cumshot",
      "album": "Coochie and Gucci",
      "track": "Subway Sexists",
      "uri": "spotify:track:1dytqMU5Q8rgs5AmaW3n2z"
    },
    {
      "artist": "Elton John",
      "album": "Too Low For Zero",
      "track": "I'm Still Standing",
      "uri": "spotify:track:1jDJFeK9x3OZboIAHsY9k2"
    },
    {
      "artist": "MC Mazzie",
      "album": "Saka Saka Saka",
      "track": "Saka Saka Saka",
      "uri": "spotify:track:1Sz402s2SN6nPicOA8DPah"
    },
    {
      "artist": "IShowSpeed",
      "album": "Shake, Pt. 2",
      "track": "Shake, Pt. 2 - Get Get Down Version",
      "uri": "spotify:track:6jnxXg5xo2ZzL6l9Ww63jW"
    },
    {
      "artist": "Alexander Rybak",
      "album": "Fairytale",
      "track": "Fairytale",
      "uri": "spotify:track:3MnAsEBBsEj86d03RgO4EM"
    },
    {
      "artist": "Qwopdef",
      "album": "Heart Afire",
      "track": "Heart Afire",
      "uri": "spotify:track:6CDDUfjkmdQgqrETjXz1xA"
    },
    {
      "artist": "MC Virgins",
      "album": "Trap Anthem",
      "track": "Trap Anthem",
      "uri": "spotify:track:427vwwlrlHy0JZPVt8rzYS"
    },
    {
      "artist": "Bruce Faulconer",
      "album": "The Best of DragonBall Z - Volume I",
      "track": "Vegeta - Super Saiyan",
      "uri": "spotify:track:7mGD2p1TAGLr2fvlKYC2gN"
    },
    {
      "artist": "JELEEL!",
      "album": "DIVE IN!",
      "track": "DIVE IN!",
      "uri": "spotify:track:192DMwgDbgS8ghTKc0ACWq"
    },
    {
      "artist": "稲葉曇",
      "album": "ANTICYCLONE",
      "track": "Lost Umbrella",
      "uri": "spotify:track:2zAi85TQB7mLzl8P1ySAj9"
    },
    {
      "artist": "The Neighbourhood",
      "album": "I Love You.",
      "track": "Sweater Weather",
      "uri": "spotify:track:2QjOHCTQ1Jl3zawyYOpxh6"
    },
    {
      "artist": "blackbear",
      "album": "hot girl bummer",
      "track": "hot girl bummer",
      "uri": "spotify:track:7aiClxsDWFRQ0Kzk5KI5ku"
    },
    {
      "artist": "Hiko",
      "album": "Cupid (Sped Up) - I'm Feeling Lonely Oh I Wish I'd Find a Love That Could Hold Me",
      "track": "Cupid (Sped Up) - I'm Feeling Lonely Oh I Wish I'd Find a Love That Could Hold Me",
      "uri": "spotify:track:45DO4CExU7PhEdpwF5UwcN"
    },
    {
      "artist": "Camila Cabello",
      "album": "Romance",
      "track": "Shameless",
      "uri": "spotify:track:2ogKhhoMClkFXek7ZgxAhN"
    },
    {
      "artist": "Trefuego",
      "album": "90mh",
      "track": "90mh",
      "uri": "spotify:track:1VxvGm1moDJ3svQlwjdBwA"
    },
    {
      "artist": "DJ GLK",
      "album": "MTG MALDIÇÃO ETERNA 1.0 (Slowed)",
      "track": "MTG MALDIÇÃO ETERNA 1.0 (Slowed)",
      "uri": "spotify:track:2zJsy7TzJuE4ax8JhG7s9e"
    },
    {
      "artist": "Egzod",
      "album": "Royalty",
      "track": "Royalty",
      "uri": "spotify:track:7kUljt0NM5sISL3OGNVxYd"
    },
    {
      "artist": "Gloria Gaynor",
      "album": "20th Century Masters: The Millennium Collection: Best Of Gloria Gaynor",
      "track": "I Will Survive - Single Version",
      "uri": "spotify:track:7cv28LXcjAC3GsXbUvXKbX"
    },
    {
      "artist": "iluvvmyclique",
      "album": "Electro Swing",
      "track": "Electro Swing - Remix",
      "uri": "spotify:track:6P3AjL7slJZqbdFqqhSmoR"
    },
    {
      "artist": "mol$",
      "album": "HAREM",
      "track": "GOLDEN WIND!",
      "uri": "spotify:track:2pQTzl0XRAiOodA1QPtTk9"
    },
    {
      "artist": "The Living Tombstone",
      "album": "My Ordinary Life",
      "track": "My Ordinary Life",
      "uri": "spotify:track:6tMdpUXfT70TD6Eh3XfB1p"
    },
    {
      "artist": "Deather",
      "album": "Glizzy Gobblers",
      "track": "Glizzy Gobblers",
      "uri": "spotify:track:0K57lvnYUvzWofppUgjKTT"
    },
    {
      "artist": "HISTED",
      "album": "MASHA ULTRAFUNK",
      "track": "MASHA ULTRAFUNK",
      "uri": "spotify:track:5VZ0soW5syQfefCUj603DW"
    },
    {
      "artist": "Hanumankind",
      "album": "Big Dawgs",
      "track": "Big Dawgs",
      "uri": "spotify:track:0OA00aPt3BV10qeMIs3meW"
    },
    {
      "artist": "фрози",
      "album": "Islands (kompa pasión)",
      "track": "Islands (kompa pasión)",
      "uri": "spotify:track:6LCIDTgSgQtpzXTW5FpW12"
    },
    {
      "artist": "Elton John",
      "album": "Diamonds",
      "track": "I'm Still Standing - Remastered",
      "uri": "spotify:track:2HJvW99WQacT35i0jDUpTi"
    },
    {
      "artist": "gizmo",
      "album": "The Gremlin",
      "track": "Not A Punk",
      "uri": "spotify:track:4VckMTaHyO28B3Pcq7Qvur"
    },
    {
      "artist": "Pontech",
      "album": "Bezos Vs Hung Up",
      "track": "Bezos Vs Hung Up",
      "uri": "spotify:track:3BFCaANABxdVnPeznPxk1j"
    },
    {
      "artist": "Murkish",
      "album": "Wasted",
      "track": "Wasted (Nightcore) [Bass Boosted]",
      "uri": "spotify:track:1CPSRRXGTQVgc1DIRWmLcg"
    },
    {
      "artist": "Zenxx",
      "album": "i just be makin shi offrip fr lol",
      "track": "i just be makin shi offrip fr lol",
      "uri": "spotify:track:2cxkM4RI7P5QsMGw8DhxXh"
    },
    {
      "artist": "Steve Lacy",
      "album": "Bad Habit",
      "track": "Bad Habit",
      "uri": "spotify:track:5CM4UuQ9Gnd6K2YyKGPMoK"
    },
    {
      "artist": "Childish Gambino",
      "album": "Camp",
      "track": "Heartbeat",
      "uri": "spotify:track:0zo4aX57COch7Wh3NRImTM"
    },
    {
      "artist": "Kidz Bop Kids",
      "album": "KIDZ BOP 37",
      "track": "Mi Gente",
      "uri": "spotify:track:5ztaePc76dP2m4hUvbI1Gt"
    },
    {
      "artist": "PinkPantheress",
      "album": "Boy's a liar Pt. 2",
      "track": "Boy's a liar Pt. 2",
      "uri": "spotify:track:6AQbmUe0Qwf5PZnt4HmTXv"
    },
    {
      "artist": "kashh",
      "album": "Jolo",
      "track": "Jolo - Instrumental",
      "uri": "spotify:track:17jZb1UOzAV3gpxSJfNn6q"
    },
    {
      "artist": "The Cardigans",
      "album": "First Band On The Moon",
      "track": "Lovefool",
      "uri": "spotify:track:7aQjPecQdIuNd1sz3KCDhD"
    },
    {
      "artist": "Kevin MacLeod",
      "album": "Calming",
      "track": "Carefree",
      "uri": "spotify:track:3DaGnKmAAmyZGIbC0KjmxT"
    },
    {
      "artist": "MC Virgins",
      "album": "Anime Thighs",
      "track": "Anime Thighs",
      "uri": "spotify:track:2lRcgRTbRDeup4ZV7asE7Y"
    },
    {
      "artist": "Gnarls Barkley",
      "album": "St. Elsewhere",
      "track": "Crazy",
      "uri": "spotify:track:6o1l9I0faXJN2iqulHrdCQ"
    },
    {
      "artist": "Bambee",
      "album": "On Ice",
      "track": "Bumble Bee",
      "uri": "spotify:track:25KtsqJyla5mmxyTmpHCkd"
    },
    {
      "artist": "Lil Tecca",
      "album": "We Love You Tecca",
      "track": "Ransom",
      "uri": "spotify:track:1lOe9qE0vR9zwWQAOk6CoO"
    },
    {
      "artist": "Kanye West",
      "album": "Kanye West Presents Good Music Cruel Summer",
      "track": "Don't Like.1",
      "uri": "spotify:track:12D0n7hKpPcjuUpcbAKjjr"
    },
    {
      "artist": "The Living Tombstone",
      "album": "I Got No Time",
      "track": "I Got No Time",
      "uri": "spotify:track:1ffKh2d1EzZlvuvVj2xpI9"
    },
    {
      "artist": "SEREBRO",
      "album": "Mi Mi Mi",
      "track": "Mi Mi Mi",
      "uri": "spotify:track:0pqCMHN3IVkBDlWAg0kiVa"
    },
    {
      "artist": "LXNGVX",
      "album": "YUM YUM",
      "track": "YUM YUM - Sped Up",
      "uri": "spotify:track:6RvJLqgVqF8vwlLowu2VT2"
    },
    {
      "artist": "Bazzi",
      "album": "COSMIC",
      "track": "Fantasy",
      "uri": "spotify:track:1i36kkhmhBxf4lYJscg5zK"
    },
    {
      "artist": "Kordhell",
      "album": "Murder In My Mind",
      "track": "Murder In My Mind",
      "uri": "spotify:track:6qyS9qBy0mEk3qYaH8mPss"
    },
    {
      "artist": "Coolio",
      "album": "Gangsta's Paradise",
      "track": "Gangsta's Paradise",
      "uri": "spotify:track:1DIXPcTDzTj8ZMHt3PDt8p"
    },
    {
      "artist": "Kidz Bop Kids",
      "album": "KIDZ BOP 37",
      "track": "Perfect",
      "uri": "spotify:track:0DZQN9e4rcx5zg1JnIqd9z"
    },
    {
      "artist": "Grover Washington, Jr.",
      "album": "Winelight",
      "track": "Just the Two of Us",
      "uri": "spotify:track:5fdNHVZHbWB1AaXk4RBGVD"
    },
    {
      "artist": "PinkPantheress",
      "album": "Pain",
      "track": "Pain",
      "uri": "spotify:track:7CIERzyqIwLVKGp00YbHRO"
    },
    {
      "artist": "NewJeans",
      "album": "NewJeans 'Super Shy'",
      "track": "Super Shy",
      "uri": "spotify:track:5sdQOyqq2IDhvmx2lHOpwd"
    },
    {
      "artist": "glwzbll",
      "album": "Untitled #13 (Super Slowed)",
      "track": "Untitled #13 (Super Slowed)",
      "uri": "spotify:track:3fC7BKJN66Tyq44x6Try2R"
    },
    {
      "artist": "Ugovhb",
      "album": "WTF 2",
      "track": "WTF 2",
      "uri": "spotify:track:52Az0C2Qemjn1SP14PhTIW"
    },
    {
      "artist": "1nonly",
      "album": "Shakira!",
      "track": "Shakira!",
      "uri": "spotify:track:1zCQXSnLkfXq3TzMLr6pWf"
    },
    {
      "artist": "Tyga",
      "album": "Ayy Macarena",
      "track": "Ayy Macarena",
      "uri": "spotify:track:6LcauUZjF1eXQrgqMUecHX"
    },
    {
      "artist": "Ghostface Playa",
      "album": "Why Not",
      "track": "Why Not",
      "uri": "spotify:track:4oMyggIzClkOcCTvotFLkP"
    },
    {
      "artist": "Fraxo",
      "album": "Dead To Me (Ft. Lox Chatterbox)",
      "track": "Dead To Me (Ft. Lox Chatterbox)",
      "uri": "spotify:track:522ZZGGMkdjPo0Cj7marED"
    },
    {
      "artist": "Shy Smith",
      "album": "Soaked",
      "track": "Soaked",
      "uri": "spotify:track:65zIby9Z03d1bhGvLNJNrA"
    },
    {
      "artist": "Music Factory",
      "album": "A New Kind Of Love (TikTok Edit) [Remix]",
      "track": "A New Kind Of Love (TikTok Edit) - Remix",
      "uri": "spotify:track:7915q7Q4nmw4y2akLA9vck"
    },
    {
      "artist": "Defqwop",
      "album": "NCS is Love, NCS is Life, Vol. 1",
      "track": "Heart Afire",
      "uri": "spotify:track:4s4XzNKcU3PtmeV7OdXDmv"
    },
    {
      "artist": "Coldplay",
      "album": "Viva La Vida or Death and All His Friends",
      "track": "Viva La Vida",
      "uri": "spotify:track:1mea3bSkSGXuIRvnydlB5b"
    },
    {
      "artist": "League of Legends",
      "album": "Fiddlesticks, the Harbinger of Doom",
      "track": "Fiddlesticks, the Harbinger of Doom",
      "uri": "spotify:track:6JzzPHVopBzdBCN2DhEepK"
    },
    {
      "artist": "sped up 8282",
      "album": "Cupid – Twin Ver. (FIFTY FIFTY) – Sped Up Version",
      "track": "Cupid – Twin Ver. (FIFTY FIFTY) – Sped Up Version",
      "uri": "spotify:track:3B228N0GxfUCwPyfNcJxps"
    },
    {
      "artist": "Internet Money",
      "album": "Lemonade (feat. Gunna, Don Toliver & NAV)",
      "track": "Lemonade",
      "uri": "spotify:track:02kDW379Yfd5PzW5A6vuGt"
    },
    {
      "artist": "Crystal Castles",
      "album": "(III)",
      "track": "Kerosene",
      "uri": "spotify:track:6E1YebXpPPtujMUljDNlOo"
    },
    {
      "artist": "VXl1",
      "album": "Already Rich (Ard Up)",
      "track": "Already Rich (Ard Up) - Sped Up",
      "uri": "spotify:track:4Dqp4qkRg8NDEj0MkgQAI4"
    },
    {
      "artist": "Barry Manilow",
      "album": "Dance Vault Mixes - Copacabana (At The Copa)",
      "track": "Copacabana (At the Copa)",
      "uri": "spotify:track:5FMXrphygZ4z3gVDHGWxgl"
    },
    {
      "artist": "Lil Mosey",
      "album": "Blueberry Faygo",
      "track": "Blueberry Faygo",
      "uri": "spotify:track:6wJYhPfqk3KGhHRG76WzOh"
    },
    {
      "artist": "DJ TENEBROSO ORIGINAL",
      "album": "Montagem Orquestra Sinfônica",
      "track": "Montagem Orquestra Sinfônica",
      "uri": "spotify:track:6IptkpsuIYGFtR16DaHVwC"
    },
    {
      "artist": "fam0uz",
      "album": "Kerosene",
      "track": "Kerosene - Slowed",
      "uri": "spotify:track:3BOQDjSv5ANlwvK97WDSyK"
    },
    {
      "artist": "guesthouse",
      "album": "Got It Like That",
      "track": "Got It Like That",
      "uri": "spotify:track:6VqIzCYsCqFcewQBxUBqmJ"
    },
    {
      "artist": "Travis Scott",
      "album": "UTOPIA",
      "track": "FE!N (feat. Playboi Carti)",
      "uri": "spotify:track:42VsgItocQwOQC3XWZ8JNA"
    },
    {
      "artist": "Softwilly",
      "album": "Chrome Beretta",
      "track": "CHROME BERETTA",
      "uri": "spotify:track:3McQ0enVnz8lfAPBAMplhH"
    },
    {
      "artist": "JoshiForYou",
      "album": "Guitar Lyfe",
      "track": "Guitar Lyfe",
      "uri": "spotify:track:2yZiklUPqOc0BWtarHMBSj"
    },
    {
      "artist": "Memphis Cult",
      "album": "Memphis Cult Vol. 6",
      "track": "9mm",
      "uri": "spotify:track:3K5KXm1uZjiyQk0J7op1xf"
    },
    {
      "artist": "A Boogie Wit da Hoodie",
      "album": "The Bigger Artist",
      "track": "Drowning (feat. Kodak Black)",
      "uri": "spotify:track:1f5cbQtDrykjarZVrShaDI"
    },
    {
      "artist": "Imagine Dragons",
      "album": "Night Visions",
      "track": "Radioactive",
      "uri": "spotify:track:4G8gkOterJn0Ywt6uhqbhp"
    },
    {
      "artist": "Unknown Brain",
      "album": "MATAFAKA",
      "track": "MATAFAKA",
      "uri": "spotify:track:1ZOVeidJCvkxOARWTHmWOL"
    },
    {
      "artist": "Kenndog",
      "album": "Drip Like ME",
      "track": "Drip Like ME",
      "uri": "spotify:track:5lNsNowjCKqgafSWE7Ie2Z"
    },
    {
      "artist": "Yuno Miles",
      "album": "Blizzard",
      "track": "Blizzard",
      "uri": "spotify:track:5gO9Thx2DMNkw6ZdFGwaRB"
    },
    {
      "artist": "NET",
      "album": "Miss The NET",
      "track": "Upper & Upper",
      "uri": "spotify:track:6KWQfKl83c3kJsWvg0JXbK"
    },
    {
      "artist": "iamjakehill",
      "album": "By the Sword",
      "track": "By the Sword",
      "uri": "spotify:track:3HsFSrIsbO54TFDfG66pZm"
    },
    {
      "artist": "Adele",
      "album": "Skyfall",
      "track": "Skyfall",
      "uri": "spotify:track:6VObnIkLVruX4UVyxWhlqm"
    },
    {
      "artist": "Joseline Hernandez",
      "album": "Vegas (I Wanna Ride)",
      "track": "Vegas (I Wanna Ride)",
      "uri": "spotify:track:2bId06MUsxJqO7LoeLZoq5"
    },
    {
      "artist": "Tsuyu",
      "album": "Aniway Vol.2",
      "track": "Renai Circulation",
      "uri": "spotify:track:70Vbl5WZallZei6vuwVQeX"
    },
    {
      "artist": "Sheck Wes",
      "album": "MUDBOY",
      "track": "Mo Bamba",
      "uri": "spotify:track:1xzBco0xcoJEDXktl7Jxrr"
    },
    {
      "artist": "The Living Tombstone",
      "album": "It's Been So Long",
      "track": "It's Been So Long",
      "uri": "spotify:track:463r5bsN1VqGXtaMctn4Rr"
    },
    {
      "artist": "404vincent",
      "album": "F**k School!",
      "track": "F**k School!",
      "uri": "spotify:track:4W3zam9zzas14ZRnj70FMS"
    },
    {
      "artist": "SXMPRA",
      "album": "COWBELL WARRIOR!",
      "track": "COWBELL WARRIOR!",
      "uri": "spotify:track:5YVNmwohNrDoo4f8EQ5htK"
    },
    {
      "artist": "KSLV Noh",
      "album": "Disaster",
      "track": "Disaster",
      "uri": "spotify:track:0PGAJ37n4O2AslZosr1YGx"
    },
    {
      "artist": "K08beatz",
      "album": "Low Key Gliding",
      "track": "Low Key Gliding",
      "uri": "spotify:track:6RtKJK788NrWLXboGtnZbj"
    },
    {
      "artist": "Yeat",
      "album": "4L",
      "track": "Sorry Bout That",
      "uri": "spotify:track:4VHkjPgAis9JNfc1URn7zZ"
    },
    {
      "artist": "Kidz Bop Kids",
      "album": "KIDZ BOP 37",
      "track": "Havana",
      "uri": "spotify:track:1dnJkyBbi3gDPoT1IFYR9j"
    }
  ],
  "albums": [
  ],
  "shows": [
  ],
  "episodes": [
    {
      "name": "IDFC Slowed Reverbed 24d Audio!✿",
      "show": "AnimeASMR",
      "uri": "spotify:episode:0WN8IoJPnSh2nxkrEnY9L8"
    },
    {
      "name": "sweater weather remix+sped",
      "show": "ily",
      "uri": "spotify:episode:37Sgo9mmW4vzQ4VXMKTQs4"
    }
  ],
  "bannedTracks": [
    {
      "artist": "Marshmello",
      "album": "Roll The Dice",
      "track": "Roll The Dice",
      "uri": "spotify:track:2MIYfpEKQ8zbKBdVwOaSBH"
    },
    {
      "artist": "Murkemz",
      "album": "Alright Bet",
      "track": "30 Out The Gate",
      "uri": "spotify:track:44MlmkgW8SgaZowuqtWvTU"
    },
    {
      "artist": "TeeHxncho",
      "album": "Str8 Drop",
      "track": "Str8 Drop",
      "uri": "spotify:track:1VFVCYbPer2UzT6PwDn9E5"
    },
    {
      "artist": "Nordex",
      "album": "Dragon Ball Super: Broly (.Feat Rod Rossi) [Blizzard]",
      "track": "Dragon Ball Super: Broly (.Feat Rod Rossi) [Blizzard]",
      "uri": "spotify:track:0eeXOzakYzgfmLAJ6G3T5r"
    },
    {
      "artist": "Mark de Groot",
      "album": "Blizzard (Dragon Ball Super Broly)",
      "track": "Blizzard (Dragon Ball Super Broly) [feat. Simpsonill]",
      "uri": "spotify:track:3Yr8PnNQFyurKp5VbFnoNL"
    },
    {
      "artist": "Kenshi Yonezu",
      "album": "BOOTLEG",
      "track": "ピースサイン",
      "uri": "spotify:track:5aHfGUxRec6c41luxkDqhX"
    },
    {
      "artist": "Lenny code fiction",
      "album": "Montage",
      "track": "Make my story",
      "uri": "spotify:track:3c39MOrdL5EOaDqWbC1Hfu"
    },
    {
      "artist": "Future",
      "album": "Mask Off",
      "track": "Mask Off - Marshmello Remix",
      "uri": "spotify:track:5rK0pyEObO4DBFLy682QvR"
    },
    {
      "artist": "PelleK",
      "album": "Covers, Vol. 27",
      "track": "Limit Break X Survivor (Japanese) [From \"Dragon Ball Super\"]",
      "uri": "spotify:track:5WcnWAyNRte0RK46nF1IGJ"
    },
    {
      "artist": "Friedrich Habetler",
      "album": "Broly Vs. Gogeta",
      "track": "Broly Vs. Gogeta",
      "uri": "spotify:track:4XhouKCI48snuCAuAlsrpu"
    },
    {
      "artist": "Cö shu Nie",
      "album": "asphyxia",
      "track": "asphyxia",
      "uri": "spotify:track:49u6NxoLP5S6kfTYLmUfkQ"
    },
    {
      "artist": "Daichi Miura",
      "album": "Delete My Memories",
      "track": "Damn",
      "uri": "spotify:track:5VLYkcDhq82ahj5WkjNYNC"
    },
    {
      "artist": "BabyJake",
      "album": "Cigarettes On Patios",
      "track": "Cigarettes On Patios",
      "uri": "spotify:track:0LJDFZohBgWOMvXQw0cc9W"
    },
    {
      "artist": "Mark de Groot",
      "album": "Super Survivor [Dragon Ball Z Budokai Tenkaichi 3]",
      "track": "Super Survivor [Dragon Ball Z Budokai Tenkaichi 3]",
      "uri": "spotify:track:7CRpWnFN09G5eu4jByJx4X"
    },
    {
      "artist": "MasakoXtreme",
      "album": "Blizzard",
      "track": "Blizzard",
      "uri": "spotify:track:1kxx1VkSlgFLryxumOwzCG"
    },
    {
      "artist": "94stones",
      "album": "Ultimate Battle (Goku Vs Jiren)",
      "track": "Ultimate Battle (Goku Vs Jiren)",
      "uri": "spotify:track:3gyjy3QAjHUnpS4aEmw7NB"
    },
    {
      "artist": "Scared44",
      "album": "Miner's Bangers",
      "track": "Live Minecraft Die Minecraft",
      "uri": "spotify:track:5i4pyHe8L9Y6twm3SeRjax"
    },
    {
      "artist": "Charlie Parra del Riego",
      "album": "Anime goes metal",
      "track": "Dragon Ball Super goes metal",
      "uri": "spotify:track:1IpurJQJfCP8mdvOR0KQ8M"
    },
    {
      "artist": "Miura Jam",
      "album": "Blizzard (From \"Dragon Ball Super: Broly\")",
      "track": "Blizzard (From \"Dragon Ball Super: Broly\")",
      "uri": "spotify:track:5g8kGwvRKzRuh7mNuutoum"
    },
    {
      "artist": "Milian Beatz",
      "album": "Gretzky",
      "track": "Gretzky",
      "uri": "spotify:track:0K1wHzrAtrGxtbEFdx8xLV"
    },
    {
      "artist": "Rc $pitta",
      "album": "Time to Live",
      "track": "All the Fonk",
      "uri": "spotify:track:1bSs1fv2MjP8AsQiezChLQ"
    },
    {
      "artist": "UVERworld",
      "album": "ODD FUTURE",
      "track": "ODD FUTURE",
      "uri": "spotify:track:0yy8QwH9OOgeF3CBeUDguR"
    },
    {
      "artist": "Daichi Miura",
      "album": "Blizzard",
      "track": "Blizzard",
      "uri": "spotify:track:7b740cSOAeaW9SWiD1G823"
    },
    {
      "artist": "Aquabella",
      "album": "Ayadooeh",
      "track": "Levan Polka",
      "uri": "spotify:track:3yIieRctUCgdUfDyk4adWX"
    },
    {
      "artist": "TeamFourStar",
      "album": "Day of Fate ~Spirit VS Spirit~",
      "track": "Day of Fate ~Spirit VS Spirit~",
      "uri": "spotify:track:2hyPblmfJ3idaLopYBATdC"
    },
    {
      "artist": "NateWantsToBattle",
      "album": "Dragon Soul (from \"Dragon Ball Z Kai\")",
      "track": "Dragon Soul (from \"Dragon Ball Z Kai\")",
      "uri": "spotify:track:6I2fP8K1GbElogsAekOQfd"
    },
    {
      "artist": "VK Blanka",
      "album": "wizard",
      "track": "Black Rover",
      "uri": "spotify:track:0OGw7V8wAI6OsZIQ12JkTP"
    },
    {
      "artist": "Daichi Miura",
      "album": "Be Myself",
      "track": "Breathless",
      "uri": "spotify:track:2tnGVV8F9jGFDf39KxgjBw"
    },
    {
      "artist": "FLOW",
      "album": "FLOW THE MAX !!!",
      "track": "HERO 〜希望の歌〜",
      "uri": "spotify:track:4WyEwxYFZrASHmXdsaN7w5"
    },
    {
      "artist": "Tiagz",
      "album": "Float on the Sound (Ey)",
      "track": "Float on the Sound (Ey)",
      "uri": "spotify:track:48f5cx8xH0uX81k7JUq7K1"
    },
    {
      "artist": "Eli 1000",
      "album": "Sale",
      "track": "Sale",
      "uri": "spotify:track:7FDFCyvUjOpYi2PwVHov6A"
    },
    {
      "artist": "SX3",
      "album": "3XL Manga i Anime",
      "track": "Cha La Head Chala",
      "uri": "spotify:track:36la4AQp7vTlCRNyC5NLry"
    },
    {
      "artist": "Yuki Hayashi",
      "album": "TVアニメ『僕のヒーローアカデミア』オリジナル・サウンドトラック",
      "track": "You Say Run",
      "uri": "spotify:track:0hHc2igYYlSUyZdByauJmB"
    },
    {
      "artist": "Ant Saunders",
      "album": "Yellow Hearts",
      "track": "Yellow Hearts",
      "uri": "spotify:track:2W4yABdLc4Jnds67Poi5Nl"
    }
  ],
  "artists": [
  ],
  "bannedArtists": [
  ],
  "other": [
  ]
}