[
  {
    "platform" : "WIN32_X86_64",
    "searchTime" : "2024-06-26T07:03:39.282Z[UTC]",
    "searchQuery" : "ka",
    "searchInteractionURIs" : [
    ]
  },
  {
    "platform" : "WIN32_X86_64",
    "searchTime" : "2024-06-26T07:03:39.610Z[UTC]",
    "searchQuery" : "kayne",
    "searchInteractionURIs" : [
    ]
  },
  {
    "platform" : "WIN32_X86_64",
    "searchTime" : "2024-06-26T07:04:05.419Z[UTC]",
    "searchQuery" : "kayne",
    "searchInteractionURIs" : [
    ]
  },
  {
    "platform" : "WIN32_X86_64",
    "searchTime" : "2024-06-26T07:24:11.838Z[UTC]",
    "searchQuery" : "twenty",
    "searchInteractionURIs" : [
    ]
  },
  {
    "platform" : "WIN32_X86_64",
    "searchTime" : "2024-06-26T07:24:11.949Z[UTC]",
    "searchQuery" : "twenty",
    "searchInteractionURIs" : [
    ]
  },
  {
    "platform" : "WIN32_X86_64",
    "searchTime" : "2024-06-26T07:24:14.198Z[UTC]",
    "searchQuery" : "twentyone ",
    "searchInteractionURIs" : [
    ]
  },
  {
    "platform" : "WIN32_X86_64",
    "searchTime" : "2024-06-26T07:24:21.674Z[UTC]",
    "searchQuery" : "twentyone unreleas",
    "searchInteractionURIs" : [
    ]
  },
  {
    "platform" : "IPHONE",
    "searchTime" : "2024-06-29T06:21:25.986Z[UTC]",
    "searchQuery" : "ericdoa",
    "searchInteractionURIs" : [
      "spotify:search:ericdoa+doa"
    ]
  },
  {
    "platform" : "IPHONE",
    "searchTime" : "2024-06-29T06:21:26.611Z[UTC]",
    "searchQuery" : "ericdoa doa",
    "searchInteractionURIs" : [
      "spotify:artist:4hR6Bm9YYtktXzjmKhb1Cn"
    ]
  },
  {
    "platform" : "IPHONE_ARM64",
    "searchTime" : "2024-06-30T07:54:29.794Z[UTC]",
    "searchQuery" : "dont ",
    "searchInteractionURIs" : [
    ]
  },
  {
    "platform" : "IPHONE",
    "searchTime" : "2024-06-30T07:54:33.971Z[UTC]",
    "searchQuery" : "dont chase love",
    "searchInteractionURIs" : [
    ]
  },
  {
    "platform" : "IPHONE_ARM64",
    "searchTime" : "2024-06-30T07:55:17.662Z[UTC]",
    "searchQuery" : "it",
    "searchInteractionURIs" : [
    ]
  },
  {
    "platform" : "IPHONE",
    "searchTime" : "2024-06-30T07:55:21.075Z[UTC]",
    "searchQuery" : "itsmewhit",
    "searchInteractionURIs" : [
      "spotify:user:wmpatria"
    ]
  },
  {
    "platform" : "IPHONE_ARM64",
    "searchTime" : "2024-06-30T07:55:21.532Z[UTC]",
    "searchQuery" : "itsmewhitn",
    "searchInteractionURIs" : [
    ]
  },
  {
    "platform" : "IPHONE",
    "searchTime" : "2024-06-30T07:58:59.007Z[UTC]",
    "searchQuery" : "dont chase love chase atlan",
    "searchInteractionURIs" : [
    ]
  },
  {
    "platform" : "",
    "searchTime" : "2024-06-30T18:25:25.504Z[UTC]",
    "searchQuery" : "isrc:USHM21908742",
    "searchInteractionURIs" : [
    ]
  },
  {
    "platform" : "IPHONE",
    "searchTime" : "2024-07-01T09:33:13.449Z[UTC]",
    "searchQuery" : "d",
    "searchInteractionURIs" : [
    ]
  },
  {
    "platform" : "IPHONE",
    "searchTime" : "2024-07-04T03:39:07.753Z[UTC]",
    "searchQuery" : "xxxlir",
    "searchInteractionURIs" : [
      "spotify:track:3pfDbkFkwXD77zSjbtgtdE"
    ]
  },
  {
    "platform" : "WIN32_X86_64",
    "searchTime" : "2024-07-04T07:56:01.471Z[UTC]",
    "searchQuery" : "ze",
    "searchInteractionURIs" : [
    ]
  },
  {
    "platform" : "WIN32_X86_64",
    "searchTime" : "2024-07-04T07:56:02.642Z[UTC]",
    "searchQuery" : "zedd",
    "searchInteractionURIs" : [
    ]
  },
  {
    "platform" : "IPHONE_ARM64",
    "searchTime" : "2024-07-05T23:31:19.933Z[UTC]",
    "searchQuery" : "t",
    "searchInteractionURIs" : [
    ]
  },
  {
    "platform" : "IPHONE",
    "searchTime" : "2024-07-05T23:31:22.209Z[UTC]",
    "searchQuery" : "talk to me girl",
    "searchInteractionURIs" : [
      "spotify:search:talk+to+me+girl+the+way+i+are",
      "spotify:track:2bLqfJjuC5syrsgDsZfGmn",
      "spotify:track:1AWQoqb9bSvzTjaLralEkT",
      "spotify:track:2gam98EZKrF9XuOkU13ApN"
    ]
  },
  {
    "platform" : "IPHONE",
    "searchTime" : "2024-07-05T23:31:30.183Z[UTC]",
    "searchQuery" : "talk to me girl the way i are",
    "searchInteractionURIs" : [
      "spotify:track:2bLqfJjuC5syrsgDsZfGmn"
    ]
  },
  {
    "platform" : "IPHONE",
    "searchTime" : "2024-07-08T07:51:28.843Z[UTC]",
    "searchQuery" : "buy s big",
    "searchInteractionURIs" : [
      "spotify:track:4sOX1nhpKwFWPvoMMExi3q",
      "spotify:track:4L7qPwyE42mqlW7trRA6tn",
      "spotify:track:4sOX1nhpKwFWPvoMMExi3q",
      "spotify:playlist:7pONWnvSC4GypBPRDSdIEf",
      "spotify:track:0nrkiWaB513DpnvJZ8he4v"
    ]
  },
  {
    "platform" : "IPHONE_ARM64",
    "searchTime" : "2024-07-08T07:52:09.551Z[UTC]",
    "searchQuery" : "primaro",
    "searchInteractionURIs" : [
    ]
  },
  {
    "platform" : "IPHONE",
    "searchTime" : "2024-07-08T07:52:11.836Z[UTC]",
    "searchQuery" : "primaronna",
    "searchInteractionURIs" : [
      "spotify:track:5YTF6uvRAr4NvqtjqzPOik",
      "spotify:track:64DbSkUEqYO0Tjgx1ExZfV",
      "spotify:track:6tn97pyqSuuJoMd9T0fWDf"
    ]
  },
  {
    "platform" : "IPHONE_ARM64",
    "searchTime" : "2024-07-08T07:52:51.018Z[UTC]",
    "searchQuery" : "f",
    "searchInteractionURIs" : [
    ]
  },
  {
    "platform" : "IPHONE",
    "searchTime" : "2024-07-08T07:52:51.899Z[UTC]",
    "searchQuery" : "fred",
    "searchInteractionURIs" : [
      "spotify:search:fred+again.."
    ]
  },
  {
    "platform" : "IPHONE",
    "searchTime" : "2024-07-08T07:52:53.066Z[UTC]",
    "searchQuery" : "fred again..",
    "searchInteractionURIs" : [
      "spotify:playlist:37i9dQZF1DZ06evO2zE29q"
    ]
  },
  {
    "platform" : "WIN32_X86_64",
    "searchTime" : "2024-07-18T02:41:27.175Z[UTC]",
    "searchQuery" : "it",
    "searchInteractionURIs" : [
    ]
  },
  {
    "platform" : "WIN32_X86_64",
    "searchTime" : "2024-07-18T02:41:27.284Z[UTC]",
    "searchQuery" : "it",
    "searchInteractionURIs" : [
    ]
  },
  {
    "platform" : "WIN32_X86_64",
    "searchTime" : "2024-07-18T02:41:32.928Z[UTC]",
    "searchQuery" : "itsmewh",
    "searchInteractionURIs" : [
    ]
  },
  {
    "platform" : "WIN32_X86_64",
    "searchTime" : "2024-07-18T02:51:40.424Z[UTC]",
    "searchQuery" : "so if you are loney",
    "searchInteractionURIs" : [
    ]
  },
  {
    "platform" : "WIN32_X86_64",
    "searchTime" : "2024-07-18T02:54:48.371Z[UTC]",
    "searchQuery" : "i dont ca",
    "searchInteractionURIs" : [
    ]
  },
  {
    "platform" : "WIN32_X86_64",
    "searchTime" : "2024-07-18T02:57:15.652Z[UTC]",
    "searchQuery" : "ha",
    "searchInteractionURIs" : [
    ]
  },
  {
    "platform" : "WIN32_X86_64",
    "searchTime" : "2024-07-18T02:57:15.763Z[UTC]",
    "searchQuery" : "ha",
    "searchInteractionURIs" : [
    ]
  },
  {
    "platform" : "WIN32_X86_64",
    "searchTime" : "2024-07-18T02:57:16.455Z[UTC]",
    "searchQuery" : "harry",
    "searchInteractionURIs" : [
    ]
  },
  {
    "platform" : "IPHONE",
    "searchTime" : "2024-07-18T04:41:08.779Z[UTC]",
    "searchQuery" : "glaive",
    "searchInteractionURIs" : [
      "spotify:artist:4cJKDGSv4Dz9QycXYmo565"
    ]
  },
  {
    "platform" : "IPHONE_ARM64",
    "searchTime" : "2024-07-18T04:41:19.768Z[UTC]",
    "searchQuery" : "glaive i promise",
    "searchInteractionURIs" : [
    ]
  },
  {
    "platform" : "IPHONE_ARM64",
    "searchTime" : "2024-07-18T04:41:31.071Z[UTC]",
    "searchQuery" : " i promise your all i wver wanted",
    "searchInteractionURIs" : [
    ]
  },
  {
    "platform" : "IPHONE",
    "searchTime" : "2024-07-18T04:42:05.279Z[UTC]",
    "searchQuery" : "huh",
    "searchInteractionURIs" : [
      "spotify:track:1JCcJJpOyMphGWHbSMpNIt"
    ]
  },
  {
    "platform" : "WIN32_X86_64",
    "searchTime" : "2024-07-19T03:28:58.577Z[UTC]",
    "searchQuery" : "never",
    "searchInteractionURIs" : [
    ]
  },
  {
    "platform" : "WIN32_X86_64",
    "searchTime" : "2024-07-19T03:28:59.391Z[UTC]",
    "searchQuery" : "never e",
    "searchInteractionURIs" : [
    ]
  },
  {
    "platform" : "IPHONE",
    "searchTime" : "2024-07-19T07:07:19.469Z[UTC]",
    "searchQuery" : "midw",
    "searchInteractionURIs" : [
      "spotify:search:midwxst"
    ]
  },
  {
    "platform" : "IPHONE",
    "searchTime" : "2024-07-19T07:07:20.860Z[UTC]",
    "searchQuery" : "midwxst",
    "searchInteractionURIs" : [
      "spotify:album:75MyXCYXcmz18Lcq6wEYxq"
    ]
  },
  {
    "platform" : "IPHONE",
    "searchTime" : "2024-07-19T07:07:51.557Z[UTC]",
    "searchQuery" : "just re",
    "searchInteractionURIs" : [
    ]
  },
  {
    "platform" : "WIN32_X86_64",
    "searchTime" : "2024-07-19T17:27:16.960Z[UTC]",
    "searchQuery" : "s",
    "searchInteractionURIs" : [
    ]
  },
  {
    "platform" : "WIN32_X86_64",
    "searchTime" : "2024-07-19T17:27:17.093Z[UTC]",
    "searchQuery" : "s",
    "searchInteractionURIs" : [
    ]
  },
  {
    "platform" : "IPHONE",
    "searchTime" : "2024-07-19T22:48:48.355Z[UTC]",
    "searchQuery" : "den",
    "searchInteractionURIs" : [
      "spotify:artist:6fxyWrfmjcbj5d12gXeiNV"
    ]
  },
  {
    "platform" : "IPHONE",
    "searchTime" : "2024-07-19T22:49:10.313Z[UTC]",
    "searchQuery" : "kanye",
    "searchInteractionURIs" : [
      "spotify:artist:5K4W6rqBFWDnAN6FQUkS6x"
    ]
  },
  {
    "platform" : "IPHONE",
    "searchTime" : "2024-07-19T22:49:26.382Z[UTC]",
    "searchQuery" : "tydolla",
    "searchInteractionURIs" : [
      "spotify:search:ty+dolla+%24ign"
    ]
  },
  {
    "platform" : "IPHONE",
    "searchTime" : "2024-07-19T22:49:27.750Z[UTC]",
    "searchQuery" : "ty dolla $ign",
    "searchInteractionURIs" : [
      "spotify:artist:7c0XG5cIJTrrAgEC3ULPiq"
    ]
  },
  {
    "platform" : "IPHONE",
    "searchTime" : "2024-07-21T19:26:05.898Z[UTC]",
    "searchQuery" : "x",
    "searchInteractionURIs" : [
      "spotify:artist:15UsOTVnJzReFVN1VCnxy4"
    ]
  },
  {
    "platform" : "IPHONE",
    "searchTime" : "2024-07-24T05:26:18.661Z[UTC]",
    "searchQuery" : "places",
    "searchInteractionURIs" : [
      "spotify:track:4cHOiSBpAhpwP8AdtKb7ln",
      "spotify:track:561pBFcFL2Pwb9HPO9tU8J"
    ]
  },
  {
    "platform" : "IPHONE",
    "searchTime" : "2024-07-24T23:24:17.622Z[UTC]",
    "searchQuery" : "rex",
    "searchInteractionURIs" : [
      "spotify:artist:7pbDxGE6nQSZVfiFdq9lOL"
    ]
  },
  {
    "platform" : "IPHONE",
    "searchTime" : "2024-07-27T22:28:01.256Z[UTC]",
    "searchQuery" : "leave me alome",
    "searchInteractionURIs" : [
      "spotify:track:1MVqeIAwhD4T44AKVkIfic"
    ]
  },
  {
    "platform" : "IPHONE_ARM64",
    "searchTime" : "2024-07-28T05:26:32.626Z[UTC]",
    "searchQuery" : "loving t",
    "searchInteractionURIs" : [
    ]
  },
  {
    "platform" : "IPHONE_ARM64",
    "searchTime" : "2024-07-28T05:26:33.082Z[UTC]",
    "searchQuery" : "loving ",
    "searchInteractionURIs" : [
    ]
  },
  {
    "platform" : "IPHONE",
    "searchTime" : "2024-07-28T05:26:33.777Z[UTC]",
    "searchQuery" : "loving you ",
    "searchInteractionURIs" : [
      "spotify:search:loving+you+is+a+losing+game"
    ]
  },
  {
    "platform" : "IPHONE",
    "searchTime" : "2024-07-28T05:42:18.198Z[UTC]",
    "searchQuery" : "erik",
    "searchInteractionURIs" : [
      "spotify:artist:1f2Bnuuv7FxEx2x8iiEBzR",
      "spotify:artist:1f2Bnuuv7FxEx2x8iiEBzR"
    ]
  },
  {
    "platform" : "IPHONE_ARM64",
    "searchTime" : "2024-07-28T05:46:00.520Z[UTC]",
    "searchQuery" : "e",
    "searchInteractionURIs" : [
    ]
  },
  {
    "platform" : "IPHONE",
    "searchTime" : "2024-07-28T05:46:01.397Z[UTC]",
    "searchQuery" : "erik",
    "searchInteractionURIs" : [
      "spotify:artist:1f2Bnuuv7FxEx2x8iiEBzR"
    ]
  },
  {
    "platform" : "IPHONE",
    "searchTime" : "2024-07-28T05:50:17.827Z[UTC]",
    "searchQuery" : "like black bitch red",
    "searchInteractionURIs" : [
    ]
  },
  {
    "platform" : "IPHONE_ARM64",
    "searchTime" : "2024-07-28T05:50:23.858Z[UTC]",
    "searchQuery" : "red dot like a",
    "searchInteractionURIs" : [
    ]
  },
  {
    "platform" : "IPHONE",
    "searchTime" : "2024-07-28T05:50:27.501Z[UTC]",
    "searchQuery" : "red dot like a brown",
    "searchInteractionURIs" : [
    ]
  },
  {
    "platform" : "IPHONE",
    "searchTime" : "2024-07-31T21:07:20.293Z[UTC]",
    "searchQuery" : "alaska",
    "searchInteractionURIs" : [
      "spotify:track:3Jqv56124tdMhlzGUzQ59h",
      "spotify:track:3Jqv56124tdMhlzGUzQ59h",
      "spotify:search:alaska+song"
    ]
  },
  {
    "platform" : "IPHONE",
    "searchTime" : "2024-07-31T21:08:03.778Z[UTC]",
    "searchQuery" : "alaska song",
    "searchInteractionURIs" : [
      "spotify:track:3Jqv56124tdMhlzGUzQ59h",
      "spotify:track:3Jqv56124tdMhlzGUzQ59h",
      "spotify:artist:4fipNOIWi1qnCRQRg7C0mr"
    ]
  },
  {
    "platform" : "IPHONE",
    "searchTime" : "2024-08-01T21:12:06.758Z[UTC]",
    "searchQuery" : "jon",
    "searchInteractionURIs" : [
      "spotify:artist:50JJSqHUf2RQ9xsHs0KMHg"
    ]
  },
  {
    "platform" : "WIN32_X86_64",
    "searchTime" : "2024-08-02T10:51:06.916Z[UTC]",
    "searchQuery" : "are you",
    "searchInteractionURIs" : [
    ]
  },
  {
    "platform" : "WIN32_X86_64",
    "searchTime" : "2024-08-02T10:51:08.074Z[UTC]",
    "searchQuery" : "are you ",
    "searchInteractionURIs" : [
    ]
  },
  {
    "platform" : "WIN32_X86_64",
    "searchTime" : "2024-08-02T10:51:08.634Z[UTC]",
    "searchQuery" : "are you lo",
    "searchInteractionURIs" : [
    ]
  },
  {
    "platform" : "WIN32_X86_64",
    "searchTime" : "2024-08-02T10:51:08.736Z[UTC]",
    "searchQuery" : "are you lo",
    "searchInteractionURIs" : [
    ]
  },
  {
    "platform" : "IPHONE",
    "searchTime" : "2024-08-03T01:03:45.958Z[UTC]",
    "searchQuery" : "cbd",
    "searchInteractionURIs" : [
      "spotify:track:718Z7VJDi0YRr7vXrdB0Uv",
      "spotify:track:718Z7VJDi0YRr7vXrdB0Uv"
    ]
  },
  {
    "platform" : "IPHONE",
    "searchTime" : "2024-08-03T06:58:29.926Z[UTC]",
    "searchQuery" : "what am i going to do when the ",
    "searchInteractionURIs" : [
      "spotify:track:3PgtviT8KwetDW77tdKXvE",
      "spotify:playlist:5cb39n5is6ndRyqxbPwnFY"
    ]
  },
  {
    "platform" : "IPHONE",
    "searchTime" : "2024-08-03T08:42:25.905Z[UTC]",
    "searchQuery" : "youll get",
    "searchInteractionURIs" : [
      "spotify:track:2eAZfqOm4EnOF9VvN50Tyc",
      "spotify:track:2eAZfqOm4EnOF9VvN50Tyc"
    ]
  },
  {
    "platform" : "IPHONE_ARM64",
    "searchTime" : "2024-08-03T08:58:24.714Z[UTC]",
    "searchQuery" : "br",
    "searchInteractionURIs" : [
    ]
  },
  {
    "platform" : "IPHONE",
    "searchTime" : "2024-08-03T08:58:25.566Z[UTC]",
    "searchQuery" : "breez",
    "searchInteractionURIs" : [
      "spotify:track:3n69hLUdIsSa1WlRmjMZlW",
      "spotify:artist:5Rp3IEFrKbq1sCRWez5XoE"
    ]
  },
  {
    "platform" : "IPHONE_ARM64",
    "searchTime" : "2024-08-03T08:59:12.533Z[UTC]",
    "searchQuery" : "li",
    "searchInteractionURIs" : [
    ]
  },
  {
    "platform" : "IPHONE",
    "searchTime" : "2024-08-03T08:59:12.760Z[UTC]",
    "searchQuery" : "lil",
    "searchInteractionURIs" : [
      "spotify:artist:2kCcBybjl3SAtIcwdWpUe3"
    ]
  },
  {
    "platform" : "IPHONE_ARM64",
    "searchTime" : "2024-08-04T09:34:23.924Z[UTC]",
    "searchQuery" : "z",
    "searchInteractionURIs" : [
    ]
  },
  {
    "platform" : "IPHONE",
    "searchTime" : "2024-08-04T09:34:25.603Z[UTC]",
    "searchQuery" : "zedd",
    "searchInteractionURIs" : [
      "spotify:artist:2qxJFvFYMEDqd7ui6kSAcq"
    ]
  },
  {
    "platform" : "IPHONE_ARM64",
    "searchTime" : "2024-08-04T21:55:32.886Z[UTC]",
    "searchQuery" : "so what can i do to make me ",
    "searchInteractionURIs" : [
    ]
  },
  {
    "platform" : "IPHONE",
    "searchTime" : "2024-08-04T21:55:32.988Z[UTC]",
    "searchQuery" : "so what can i do to make me get over you ",
    "searchInteractionURIs" : [
      "spotify:playlist:0vkHGVVx71fDP2PmXRgCc4"
    ]
  },
  {
    "platform" : "IPHONE",
    "searchTime" : "2024-08-04T21:55:49.386Z[UTC]",
    "searchQuery" : "so what can i do to make me get",
    "searchInteractionURIs" : [
      "spotify:track:68gdFKpX6VAddnn2UFgZVG"
    ]
  },
  {
    "platform" : "IPHONE",
    "searchTime" : "2024-08-05T10:50:12.738Z[UTC]",
    "searchQuery" : "er",
    "searchInteractionURIs" : [
      "spotify:artist:4hR6Bm9YYtktXzjmKhb1Cn"
    ]
  },
  {
    "platform" : "WIN32_X86_64",
    "searchTime" : "2024-08-05T17:12:26.064Z[UTC]",
    "searchQuery" : "gls",
    "searchInteractionURIs" : [
    ]
  },
  {
    "platform" : "WIN32_X86_64",
    "searchTime" : "2024-08-08T19:04:21.393Z[UTC]",
    "searchQuery" : "eric and gla",
    "searchInteractionURIs" : [
    ]
  },
  {
    "platform" : "WIN32_X86_64",
    "searchTime" : "2024-08-08T19:04:21.539Z[UTC]",
    "searchQuery" : "eric and gla",
    "searchInteractionURIs" : [
    ]
  },
  {
    "platform" : "WIN32_X86_64",
    "searchTime" : "2024-08-08T19:44:49.093Z[UTC]",
    "searchQuery" : "disorder ",
    "searchInteractionURIs" : [
    ]
  },
  {
    "platform" : "IPHONE_ARM64",
    "searchTime" : "2024-08-08T21:53:03.825Z[UTC]",
    "searchQuery" : "hahah",
    "searchInteractionURIs" : [
    ]
  },
  {
    "platform" : "IPHONE",
    "searchTime" : "2024-08-08T21:53:04.946Z[UTC]",
    "searchQuery" : "hahahad",
    "searchInteractionURIs" : [
      "spotify:track:2HpcAag6kK5fF6c0541Uc3"
    ]
  },
  {
    "platform" : "WIN32_X86_64",
    "searchTime" : "2024-08-10T06:36:10.640Z[UTC]",
    "searchQuery" : "flying to ",
    "searchInteractionURIs" : [
    ]
  },
  {
    "platform" : "WIN32_X86_64",
    "searchTime" : "2024-08-10T06:36:11.207Z[UTC]",
    "searchQuery" : "flying to la",
    "searchInteractionURIs" : [
    ]
  },
  {
    "platform" : "IPHONE",
    "searchTime" : "2024-08-10T22:45:06.370Z[UTC]",
    "searchQuery" : "2hollis",
    "searchInteractionURIs" : [
      "spotify:artist:72NhFAGG5Pt91VbheJeEPG"
    ]
  },
  {
    "platform" : "IPHONE",
    "searchTime" : "2024-08-12T07:18:38.156Z[UTC]",
    "searchQuery" : "brak",
    "searchInteractionURIs" : [
      "spotify:artist:4kqFrZkeqDfOIEqTWqbOOV"
    ]
  },
  {
    "platform" : "IPHONE",
    "searchTime" : "2024-08-13T07:03:32.496Z[UTC]",
    "searchQuery" : "down down down",
    "searchInteractionURIs" : [
      "spotify:track:6cmm1LMvZdB5zsCwX5BjqE"
    ]
  },
  {
    "platform" : "IPHONE",
    "searchTime" : "2024-08-13T07:07:00.955Z[UTC]",
    "searchQuery" : "diamond",
    "searchInteractionURIs" : [
      "spotify:track:1z9kQ14XBSN0r2v6fx4IdG"
    ]
  },
  {
    "platform" : "IPHONE_ARM64",
    "searchTime" : "2024-08-14T09:29:13.728Z[UTC]",
    "searchQuery" : "hit and ",
    "searchInteractionURIs" : [
    ]
  },
  {
    "platform" : "IPHONE",
    "searchTime" : "2024-08-14T09:29:14.530Z[UTC]",
    "searchQuery" : "hit and run",
    "searchInteractionURIs" : [
      "spotify:track:0ZozwNxlrIRfBAhAibtM4M"
    ]
  },
  {
    "platform" : "IPHONE_ARM64",
    "searchTime" : "2024-08-14T09:30:21.139Z[UTC]",
    "searchQuery" : "do you really want to lovr me ",
    "searchInteractionURIs" : [
    ]
  },
  {
    "platform" : "IPHONE",
    "searchTime" : "2024-08-14T09:30:24.916Z[UTC]",
    "searchQuery" : "do you really want to lovr me forever",
    "searchInteractionURIs" : [
      "spotify:track:5xl5582IihbEZAnfj0xyso"
    ]
  },
  {
    "platform" : "IPHONE_ARM64",
    "searchTime" : "2024-08-14T10:49:54.589Z[UTC]",
    "searchQuery" : "baby ",
    "searchInteractionURIs" : [
    ]
  },
  {
    "platform" : "IPHONE",
    "searchTime" : "2024-08-14T10:49:56.716Z[UTC]",
    "searchQuery" : "baby doll",
    "searchInteractionURIs" : [
      "spotify:track:7yNf9YjeO5JXUE3JEBgnYc"
    ]
  },
  {
    "platform" : "IPHONE",
    "searchTime" : "2024-08-14T10:51:20.284Z[UTC]",
    "searchQuery" : "babydoll",
    "searchInteractionURIs" : [
      "spotify:track:7yNf9YjeO5JXUE3JEBgnYc",
      "spotify:track:5rPNVwYjVEgkq6YNPki4Zc"
    ]
  },
  {
    "platform" : "WIN32_X86_64",
    "searchTime" : "2024-08-14T15:08:52.167Z[UTC]",
    "searchQuery" : "jon",
    "searchInteractionURIs" : [
    ]
  },
  {
    "platform" : "IPHONE",
    "searchTime" : "2024-08-15T08:38:59.888Z[UTC]",
    "searchQuery" : "breeze",
    "searchInteractionURIs" : [
    ]
  },
  {
    "platform" : "IPHONE",
    "searchTime" : "2024-08-15T08:39:05.952Z[UTC]",
    "searchQuery" : "alt",
    "searchInteractionURIs" : [
      "spotify:artist:3XHO7cRUPCLOr6jwp8vsx5"
    ]
  },
  {
    "platform" : "WIN32_X86_64",
    "searchTime" : "2024-08-17T19:25:39.953Z[UTC]",
    "searchQuery" : "itsmew",
    "searchInteractionURIs" : [
    ]
  },
  {
    "platform" : "WIN32_X86_64",
    "searchTime" : "2024-08-17T19:25:40.062Z[UTC]",
    "searchQuery" : "itsmewh",
    "searchInteractionURIs" : [
    ]
  },
  {
    "platform" : "IPHONE",
    "searchTime" : "2024-08-19T03:49:42.927Z[UTC]",
    "searchQuery" : "shawty is ",
    "searchInteractionURIs" : [
      "spotify:search:shawty+is+a+10+explicit"
    ]
  },
  {
    "platform" : "IPHONE",
    "searchTime" : "2024-08-19T03:49:49.720Z[UTC]",
    "searchQuery" : "shawty is an ",
    "searchInteractionURIs" : [
      "spotify:track:45O0tUN9Bh6LH4eNxQ07AT"
    ]
  },
  {
    "platform" : "IPHONE",
    "searchTime" : "2024-08-19T04:58:43.276Z[UTC]",
    "searchQuery" : "i like it",
    "searchInteractionURIs" : [
      "spotify:track:4nVyHATevhl5RC6Qmoko5H"
    ]
  },
  {
    "platform" : "IPHONE_ARM64",
    "searchTime" : "2024-08-19T18:50:54.993Z[UTC]",
    "searchQuery" : "c",
    "searchInteractionURIs" : [
    ]
  },
  {
    "platform" : "IPHONE",
    "searchTime" : "2024-08-19T18:50:55.861Z[UTC]",
    "searchQuery" : "chas",
    "searchInteractionURIs" : [
      "spotify:artist:7cYEt1pqMgXJdq00hAwVpT"
    ]
  },
  {
    "platform" : "IPHONE",
    "searchTime" : "2024-08-20T05:33:58.403Z[UTC]",
    "searchQuery" : "jo",
    "searchInteractionURIs" : [
      "spotify:search:jon+bellion"
    ]
  },
  {
    "platform" : "IPHONE",
    "searchTime" : "2024-08-20T05:33:59.498Z[UTC]",
    "searchQuery" : "jon bellion",
    "searchInteractionURIs" : [
      "spotify:album:2jJReDZqTuAxr4R0ItimZc",
      "spotify:track:0WGIBojlsV9GT4A5xwjkE4",
      "spotify:track:0wUlGPa8He68F9TmLKdcL4",
      "spotify:track:0WGIBojlsV9GT4A5xwjkE4",
      "spotify:album:2jJReDZqTuAxr4R0ItimZc"
    ]
  },
  {
    "platform" : "IPHONE",
    "searchTime" : "2024-08-20T05:34:31.391Z[UTC]",
    "searchQuery" : "jon bellion",
    "searchInteractionURIs" : [
      "spotify:track:647YDaQTk75guVjjMQQJt0",
      "spotify:track:7KucgC6JOASHQ0qDtKeomv",
      "spotify:track:6luhvKibJJNM4P64RLNwgg"
    ]
  },
  {
    "platform" : "IPHONE",
    "searchTime" : "2024-08-20T05:34:49.846Z[UTC]",
    "searchQuery" : "jon bellion",
    "searchInteractionURIs" : [
      "spotify:track:4wPbR6XonWB7fiyWUMAaH2"
    ]
  },
  {
    "platform" : "WIN32_X86_64",
    "searchTime" : "2024-08-21T07:55:57.371Z[UTC]",
    "searchQuery" : "spotif",
    "searchInteractionURIs" : [
    ]
  },
  {
    "platform" : "WIN32_X86_64",
    "searchTime" : "2024-08-22T07:26:44.679Z[UTC]",
    "searchQuery" : "s",
    "searchInteractionURIs" : [
    ]
  },
  {
    "platform" : "WIN32_X86_64",
    "searchTime" : "2024-08-22T07:26:46.985Z[UTC]",
    "searchQuery" : "storm",
    "searchInteractionURIs" : [
    ]
  },
  {
    "platform" : "IPHONE_ARM64",
    "searchTime" : "2024-08-22T10:53:11.362Z[UTC]",
    "searchQuery" : "b",
    "searchInteractionURIs" : [
    ]
  },
  {
    "platform" : "IPHONE",
    "searchTime" : "2024-08-22T10:53:16.549Z[UTC]",
    "searchQuery" : "buety snd the beat",
    "searchInteractionURIs" : [
      "spotify:track:190jyVPHYjAqEaOGmMzdyk"
    ]
  },
  {
    "platform" : "WIN32_X86_64",
    "searchTime" : "2024-08-24T02:43:34.455Z[UTC]",
    "searchQuery" : "l9",
    "searchInteractionURIs" : [
    ]
  },
  {
    "platform" : "WIN32_X86_64",
    "searchTime" : "2024-08-24T02:43:39.021Z[UTC]",
    "searchQuery" : "L9 playlist",
    "searchInteractionURIs" : [
    ]
  },
  {
    "platform" : "WIN32_X86_64",
    "searchTime" : "2024-08-24T02:43:53.157Z[UTC]",
    "searchQuery" : "spaceglide",
    "searchInteractionURIs" : [
    ]
  },
  {
    "platform" : "WIN32_X86_64",
    "searchTime" : "2024-08-24T03:46:04.697Z[UTC]",
    "searchQuery" : "eric",
    "searchInteractionURIs" : [
    ]
  },
  {
    "platform" : "WIN32_X86_64",
    "searchTime" : "2024-08-24T03:46:05.218Z[UTC]",
    "searchQuery" : "erik",
    "searchInteractionURIs" : [
    ]
  },
  {
    "platform" : "WIN32_X86_64",
    "searchTime" : "2024-08-24T03:46:09.221Z[UTC]",
    "searchQuery" : "erik ",
    "searchInteractionURIs" : [
    ]
  },
  {
    "platform" : "WIN32_X86_64",
    "searchTime" : "2024-08-24T03:46:40.258Z[UTC]",
    "searchQuery" : "eric ",
    "searchInteractionURIs" : [
    ]
  },
  {
    "platform" : "WIN32_X86_64",
    "searchTime" : "2024-08-24T03:50:44.881Z[UTC]",
    "searchQuery" : "l",
    "searchInteractionURIs" : [
    ]
  },
  {
    "platform" : "WIN32_X86_64",
    "searchTime" : "2024-08-24T03:50:45.901Z[UTC]",
    "searchQuery" : "lil ma",
    "searchInteractionURIs" : [
    ]
  },
  {
    "platform" : "WIN32_X86_64",
    "searchTime" : "2024-08-24T03:51:34.321Z[UTC]",
    "searchQuery" : "t",
    "searchInteractionURIs" : [
    ]
  },
  {
    "platform" : "WIN32_X86_64",
    "searchTime" : "2024-08-24T05:55:18.548Z[UTC]",
    "searchQuery" : "for",
    "searchInteractionURIs" : [
    ]
  },
  {
    "platform" : "WIN32_X86_64",
    "searchTime" : "2024-08-24T05:55:19.807Z[UTC]",
    "searchQuery" : "fortnite ra",
    "searchInteractionURIs" : [
    ]
  },
  {
    "platform" : "WIN32_X86_64",
    "searchTime" : "2024-08-24T06:16:26.155Z[UTC]",
    "searchQuery" : "beaty and",
    "searchInteractionURIs" : [
    ]
  },
  {
    "platform" : "IPHONE",
    "searchTime" : "2024-08-25T22:08:49.290Z[UTC]",
    "searchQuery" : "gym",
    "searchInteractionURIs" : [
      "spotify:playlist:2u5ZvEFluKYABSpLezcGtb"
    ]
  },
  {
    "platform" : "WIN32_X86_64",
    "searchTime" : "2024-08-26T03:30:13.587Z[UTC]",
    "searchQuery" : "f",
    "searchInteractionURIs" : [
    ]
  },
  {
    "platform" : "WIN32_X86_64",
    "searchTime" : "2024-08-26T03:32:41.123Z[UTC]",
    "searchQuery" : "where you showering the hardest",
    "searchInteractionURIs" : [
    ]
  },
  {
    "platform" : "WIN32_X86_64",
    "searchTime" : "2024-08-26T03:54:19.422Z[UTC]",
    "searchQuery" : "sc",
    "searchInteractionURIs" : [
    ]
  },
  {
    "platform" : "WIN32_X86_64",
    "searchTime" : "2024-08-26T03:54:46.610Z[UTC]",
    "searchQuery" : "very loud m",
    "searchInteractionURIs" : [
    ]
  },
  {
    "platform" : "WIN32_X86_64",
    "searchTime" : "2024-08-26T03:55:01.817Z[UTC]",
    "searchQuery" : "i",
    "searchInteractionURIs" : [
    ]
  },
  {
    "platform" : "IPHONE_ARM64",
    "searchTime" : "2024-08-27T07:24:29.534Z[UTC]",
    "searchQuery" : "2 ",
    "searchInteractionURIs" : [
    ]
  },
  {
    "platform" : "IPHONE",
    "searchTime" : "2024-08-27T07:24:30.588Z[UTC]",
    "searchQuery" : "2hol",
    "searchInteractionURIs" : [
      "spotify:artist:72NhFAGG5Pt91VbheJeEPG"
    ]
  },
  {
    "platform" : "IPHONE",
    "searchTime" : "2024-08-27T23:46:46.901Z[UTC]",
    "searchQuery" : "er",
    "searchInteractionURIs" : [
    ]
  },
  {
    "platform" : "",
    "searchTime" : "2024-08-28T00:24:10.730Z[UTC]",
    "searchQuery" : "oh you ",
    "searchInteractionURIs" : [
    ]
  },
  {
    "platform" : "",
    "searchTime" : "2024-08-28T00:24:11.148Z[UTC]",
    "searchQuery" : "oh you ",
    "searchInteractionURIs" : [
    ]
  },
  {
    "platform" : "",
    "searchTime" : "2024-08-28T00:24:11.335Z[UTC]",
    "searchQuery" : "oh you dont",
    "searchInteractionURIs" : [
    ]
  },
  {
    "platform" : "",
    "searchTime" : "2024-08-28T00:24:11.868Z[UTC]",
    "searchQuery" : "oh you dont",
    "searchInteractionURIs" : [
    ]
  },
  {
    "platform" : "",
    "searchTime" : "2024-08-28T00:24:11.955Z[UTC]",
    "searchQuery" : "oh you dont say",
    "searchInteractionURIs" : [
    ]
  },
  {
    "platform" : "",
    "searchTime" : "2024-08-28T00:24:12.602Z[UTC]",
    "searchQuery" : "oh you dont say",
    "searchInteractionURIs" : [
    ]
  },
  {
    "platform" : "WIN32_X86_64",
    "searchTime" : "2024-08-30T18:34:37.547Z[UTC]",
    "searchQuery" : "a little bit farther left to go",
    "searchInteractionURIs" : [
    ]
  },
  {
    "platform" : "IPHONE",
    "searchTime" : "2024-09-02T06:06:43.913Z[UTC]",
    "searchQuery" : "the kid",
    "searchInteractionURIs" : [
      "spotify:track:1XBYiRV30ykHw5f4wm6qEn"
    ]
  },
  {
    "platform" : "IPHONE",
    "searchTime" : "2024-09-02T06:10:48.694Z[UTC]",
    "searchQuery" : "chasing ca",
    "searchInteractionURIs" : [
      "spotify:track:5hnyJvgoWiQUYZttV4wXy6",
      "spotify:track:5hnyJvgoWiQUYZttV4wXy6"
    ]
  },
  {
    "platform" : "IPHONE_ARM64",
    "searchTime" : "2024-09-06T05:28:51.467Z[UTC]",
    "searchQuery" : "lof",
    "searchInteractionURIs" : [
    ]
  },
  {
    "platform" : "IPHONE",
    "searchTime" : "2024-09-06T05:28:53.942Z[UTC]",
    "searchQuery" : "lofi night",
    "searchInteractionURIs" : [
      "spotify:playlist:6CevQ8bIYYbOHsckLCDJgv",
      "spotify:playlist:59BEOKC7uV1Pv1mRg3aMRe",
      "spotify:playlist:6CevQ8bIYYbOHsckLCDJgv",
      "spotify:search:lofi+night+drive"
    ]
  },
  {
    "platform" : "IPHONE_ARM64",
    "searchTime" : "2024-09-06T05:28:53.970Z[UTC]",
    "searchQuery" : "lofi nigh",
    "searchInteractionURIs" : [
    ]
  },
  {
    "platform" : "IPHONE",
    "searchTime" : "2024-09-06T05:30:33.313Z[UTC]",
    "searchQuery" : "lofi night drive",
    "searchInteractionURIs" : [
      "spotify:playlist:37i9dQZF1DX5DYkVgiO6RF"
    ]
  },
  {
    "platform" : "WIN32_X86_64",
    "searchTime" : "2024-09-07T05:24:49.331Z[UTC]",
    "searchQuery" : "l",
    "searchInteractionURIs" : [
    ]
  },
  {
    "platform" : "IPHONE_ARM64",
    "searchTime" : "2024-09-08T22:07:29.173Z[UTC]",
    "searchQuery" : "porte",
    "searchInteractionURIs" : [
    ]
  },
  {
    "platform" : "IPHONE",
    "searchTime" : "2024-09-08T22:07:29.358Z[UTC]",
    "searchQuery" : "porter",
    "searchInteractionURIs" : [
      "spotify:search:porter+robinson"
    ]
  },
  {
    "platform" : "IPHONE",
    "searchTime" : "2024-09-10T06:31:40.868Z[UTC]",
    "searchQuery" : "let me go",
    "searchInteractionURIs" : [
      "spotify:track:6D2KwMLxfgHtchLclpHVIi"
    ]
  },
  {
    "platform" : "IPHONE",
    "searchTime" : "2024-09-10T07:26:36.950Z[UTC]",
    "searchQuery" : "bleach ost",
    "searchInteractionURIs" : [
      "spotify:playlist:0w2jzRbuEnWK06iPBmzt5A"
    ]
  },
  {
    "platform" : "IPHONE_ARM64",
    "searchTime" : "2024-09-10T07:27:23.657Z[UTC]",
    "searchQuery" : "bleach ost eve",
    "searchInteractionURIs" : [
    ]
  },
  {
    "platform" : "IPHONE",
    "searchTime" : "2024-09-10T07:27:23.910Z[UTC]",
    "searchQuery" : "bleach ost ever",
    "searchInteractionURIs" : [
      "spotify:track:3ArdLjRZukfH1kBXlCrJOf",
      "spotify:playlist:0vxwGfpnEAyh87FY2T6nby"
    ]
  },
  {
    "platform" : "IPHONE_ARM64",
    "searchTime" : "2024-09-10T07:31:55.413Z[UTC]",
    "searchQuery" : "shink",
    "searchInteractionURIs" : [
    ]
  },
  {
    "platform" : "IPHONE_ARM64",
    "searchTime" : "2024-09-10T07:31:56.625Z[UTC]",
    "searchQuery" : "shinki ",
    "searchInteractionURIs" : [
    ]
  },
  {
    "platform" : "IPHONE",
    "searchTime" : "2024-09-10T07:31:57.320Z[UTC]",
    "searchQuery" : "shinki theme",
    "searchInteractionURIs" : [
      "spotify:search:shinji%27s+theme"
    ]
  },
  {
    "platform" : "IPHONE",
    "searchTime" : "2024-09-10T07:31:58.587Z[UTC]",
    "searchQuery" : "shinji's theme",
    "searchInteractionURIs" : [
      "spotify:playlist:64lzGF3V4ZbsRtfeg6qb7A"
    ]
  },
  {
    "platform" : "IPHONE",
    "searchTime" : "2024-09-11T20:13:36.618Z[UTC]",
    "searchQuery" : "zedd",
    "searchInteractionURIs" : [
      "spotify:artist:2qxJFvFYMEDqd7ui6kSAcq"
    ]
  },
  {
    "platform" : "IPHONE_ARM64",
    "searchTime" : "2024-09-12T08:00:48.205Z[UTC]",
    "searchQuery" : "th",
    "searchInteractionURIs" : [
    ]
  },
  {
    "platform" : "IPHONE_ARM64",
    "searchTime" : "2024-09-12T08:00:48.231Z[UTC]",
    "searchQuery" : "the",
    "searchInteractionURIs" : [
    ]
  },
  {
    "platform" : "IPHONE",
    "searchTime" : "2024-09-12T08:00:50.583Z[UTC]",
    "searchQuery" : "thefstrat",
    "searchInteractionURIs" : [
      "spotify:search:thefatrat+monody"
    ]
  },
  {
    "platform" : "IPHONE",
    "searchTime" : "2024-09-12T08:00:52.834Z[UTC]",
    "searchQuery" : "thefatrat monody",
    "searchInteractionURIs" : [
      "spotify:track:4Rd5l7mIiV0V35AhxHV1oh"
    ]
  },
  {
    "platform" : "IPHONE",
    "searchTime" : "2024-09-13T04:09:55.988Z[UTC]",
    "searchQuery" : "eric",
    "searchInteractionURIs" : [
      "spotify:artist:4hR6Bm9YYtktXzjmKhb1Cn"
    ]
  },
  {
    "platform" : "IPHONE",
    "searchTime" : "2024-09-14T02:36:20.784Z[UTC]",
    "searchQuery" : "glass",
    "searchInteractionURIs" : [
    ]
  },
  {
    "platform" : "IPHONE",
    "searchTime" : "2024-09-16T05:36:18.689Z[UTC]",
    "searchQuery" : "glass",
    "searchInteractionURIs" : [
      "spotify:search:glass+animals"
    ]
  },
  {
    "platform" : "IPHONE",
    "searchTime" : "2024-09-16T05:36:20.156Z[UTC]",
    "searchQuery" : "glass animals",
    "searchInteractionURIs" : [
      "spotify:artist:4yvcSjfu4PC0CYQyLy4wSq"
    ]
  },
  {
    "platform" : "IPHONE_ARM64",
    "searchTime" : "2024-09-17T05:50:59.366Z[UTC]",
    "searchQuery" : "keep your",
    "searchInteractionURIs" : [
    ]
  },
  {
    "platform" : "IPHONE",
    "searchTime" : "2024-09-17T05:50:59.493Z[UTC]",
    "searchQuery" : "keep your ",
    "searchInteractionURIs" : [
      "spotify:track:680niVaosCIvZgpWWy0jhV",
      "spotify:track:680niVaosCIvZgpWWy0jhV"
    ]
  },
  {
    "platform" : "IPHONE_ARM64",
    "searchTime" : "2024-09-18T09:06:38.108Z[UTC]",
    "searchQuery" : "glaive",
    "searchInteractionURIs" : [
    ]
  },
  {
    "platform" : "IPHONE",
    "searchTime" : "2024-09-18T09:06:38.736Z[UTC]",
    "searchQuery" : "glaive un",
    "searchInteractionURIs" : [
      "spotify:playlist:6RaWwl6LcUNDlxLi4jtJto",
      "spotify:playlist:05tnEDqH9W4E92LiEnkVZy",
      "spotify:playlist:4MIKPdL5MeupT9rA5tQ7ay"
    ]
  },
  {
    "platform" : "IPHONE_ARM64",
    "searchTime" : "2024-09-18T09:09:45.455Z[UTC]",
    "searchQuery" : "and the ",
    "searchInteractionURIs" : [
    ]
  },
  {
    "platform" : "IPHONE",
    "searchTime" : "2024-09-18T09:09:46.549Z[UTC]",
    "searchQuery" : "and the high",
    "searchInteractionURIs" : [
      "spotify:search:and+the+highbeams+were+on"
    ]
  },
  {
    "platform" : "IPHONE",
    "searchTime" : "2024-09-18T09:09:47.756Z[UTC]",
    "searchQuery" : "and the highbeams were on",
    "searchInteractionURIs" : [
      "spotify:playlist:37i9dQZF1E8PdQOzxITas2",
      "spotify:playlist:6RaWwl6LcUNDlxLi4jtJto"
    ]
  },
  {
    "platform" : "IPHONE",
    "searchTime" : "2024-09-18T16:37:11.091Z[UTC]",
    "searchQuery" : "valorsnt par",
    "searchInteractionURIs" : [
      "spotify:track:6I7s0uVsXzWVTnWmrcHrZH"
    ]
  },
  {
    "platform" : "IPHONE",
    "searchTime" : "2024-09-18T16:37:16.721Z[UTC]",
    "searchQuery" : "valorsnt ",
    "searchInteractionURIs" : [
      "spotify:track:3kfQuU6FXW4OXHIHjuups7",
      "spotify:track:3kfQuU6FXW4OXHIHjuups7"
    ]
  },
  {
    "platform" : "IPHONE",
    "searchTime" : "2024-09-18T16:40:54.746Z[UTC]",
    "searchQuery" : "valorsnt  pa",
    "searchInteractionURIs" : [
      "spotify:track:6I7s0uVsXzWVTnWmrcHrZH",
      "spotify:track:6I7s0uVsXzWVTnWmrcHrZH"
    ]
  },
  {
    "platform" : "IPHONE",
    "searchTime" : "2024-09-18T18:28:01.462Z[UTC]",
    "searchQuery" : "goads an",
    "searchInteractionURIs" : [
    ]
  },
  {
    "platform" : "IPHONE_ARM64",
    "searchTime" : "2024-09-18T18:28:01.809Z[UTC]",
    "searchQuery" : "goads ",
    "searchInteractionURIs" : [
    ]
  },
  {
    "platform" : "IPHONE_ARM64",
    "searchTime" : "2024-09-18T18:28:03.105Z[UTC]",
    "searchQuery" : "gl",
    "searchInteractionURIs" : [
    ]
  },
  {
    "platform" : "IPHONE_ARM64",
    "searchTime" : "2024-09-18T18:28:04.856Z[UTC]",
    "searchQuery" : "glass an",
    "searchInteractionURIs" : [
    ]
  },
  {
    "platform" : "IPHONE",
    "searchTime" : "2024-09-18T18:28:05.673Z[UTC]",
    "searchQuery" : "glass animals",
    "searchInteractionURIs" : [
      "spotify:search:glass+animals+tour+of+earth+setlist+2024"
    ]
  },
  {
    "platform" : "IPHONE",
    "searchTime" : "2024-09-18T18:28:06.822Z[UTC]",
    "searchQuery" : "glass animals tour of earth setlist 2024",
    "searchInteractionURIs" : [
      "spotify:playlist:471GHyuVhCTgR5q928kw4o",
      "spotify:playlist:3VOKiR7KZzbhusLlErjj3w"
    ]
  },
  {
    "platform" : "",
    "searchTime" : "2024-09-20T00:09:14.771Z[UTC]",
    "searchQuery" : "kid",
    "searchInteractionURIs" : [
    ]
  },
  {
    "platform" : "",
    "searchTime" : "2024-09-20T00:09:15.024Z[UTC]",
    "searchQuery" : "kid",
    "searchInteractionURIs" : [
    ]
  },
  {
    "platform" : "",
    "searchTime" : "2024-09-20T00:09:15.360Z[UTC]",
    "searchQuery" : "kidcudi",
    "searchInteractionURIs" : [
    ]
  },
  {
    "platform" : "",
    "searchTime" : "2024-09-20T00:09:15.550Z[UTC]",
    "searchQuery" : "kidcudi",
    "searchInteractionURIs" : [
    ]
  }
]