[
  {
    "endTime" : "2023-10-19 08:16",
    "podcastName" : "The Group Chat",
    "episodeName" : "#75 - Our Dreams Are TERRIFYING",
    "msPlayed" : 1059050
  },
  {
    "endTime" : "2023-10-22 07:19",
    "podcastName" : "The Group Chat",
    "episodeName" : "#76 - WE ARE AT TWITCHCON!!!",
    "msPlayed" : 2859541
  },
  {
    "endTime" : "2023-12-22 20:14",
    "podcastName" : "Scrubs and Luna stories",
    "episodeName" : "90210 Sped up",
    "msPlayed" : 33856
  },
  {
    "endTime" : "2023-12-23 20:26",
    "podcastName" : "Scrubs and Luna stories",
    "episodeName" : "90210 Sped up",
    "msPlayed" : 4481
  },
  {
    "endTime" : "2024-03-30 21:19",
    "podcastName" : "The Yard",
    "episodeName" : "Ep. 136 - The Streamer Awards was crazy...",
    "msPlayed" : 5414890
  },
  {
    "endTime" : "2024-03-30 23:01",
    "podcastName" : "Scrubs and Luna stories",
    "episodeName" : "90210 Sped up",
    "msPlayed" : 17322
  },
  {
    "endTime" : "2024-05-16 01:09",
    "podcastName" : "The Group Chat",
    "episodeName" : "#104 - Yumi Hopped On BBL DRIZZY.",
    "msPlayed" : 3482880
  },
  {
    "endTime" : "2024-05-17 16:43",
    "podcastName" : "The Group Chat",
    "episodeName" : "#100 - 2 Years Later...",
    "msPlayed" : 1394517
  },
  {
    "endTime" : "2024-05-19 01:18",
    "podcastName" : "The Yard",
    "episodeName" : "Ep. 143 - Ludwig's Big Secret",
    "msPlayed" : 1820053
  },
  {
    "endTime" : "2024-05-21 05:04",
    "podcastName" : "no songs ok",
    "episodeName" : "skibidi toilet will be mine ohio town yeah",
    "msPlayed" : 20140
  },
  {
    "endTime" : "2024-06-17 23:21",
    "podcastName" : "Ours To Protect on Ireland’s Classic Hits Radio",
    "episodeName" : "Eco-Free Confectionary",
    "msPlayed" : 1002
  },
  {
    "endTime" : "2024-06-20 23:08",
    "podcastName" : "KanYe Unreleased",
    "episodeName" : "Go Pro - Kanye West",
    "msPlayed" : 2453
  },
  {
    "endTime" : "2024-08-12 16:24",
    "podcastName" : "ExtinctZoo",
    "episodeName" : "The Strange Dinosaurs No One Talks About...",
    "msPlayed" : 38022
  },
  {
    "endTime" : "2024-08-12 16:25",
    "podcastName" : "ExtinctZoo",
    "episodeName" : "The Strange Dinosaurs No One Talks About...",
    "msPlayed" : 0
  },
  {
    "endTime" : "2024-08-12 16:28",
    "podcastName" : "ExtinctZoo",
    "episodeName" : "The Strange Dinosaurs No One Talks About...",
    "msPlayed" : 3154
  },
  {
    "endTime" : "2024-08-14 08:10",
    "podcastName" : "Undecided with Matt Ferrell",
    "episodeName" : "The Weird Science Behind Living Solar Panels",
    "msPlayed" : 0
  },
  {
    "endTime" : "2024-08-14 08:12",
    "podcastName" : "Undecided with Matt Ferrell",
    "episodeName" : "The Weird Science Behind Living Solar Panels",
    "msPlayed" : 10043
  },
  {
    "endTime" : "2024-08-14 09:29",
    "podcastName" : "Undecided with Matt Ferrell",
    "episodeName" : "The Weird Science Behind Living Solar Panels",
    "msPlayed" : 0
  },
  {
    "endTime" : "2024-08-14 09:31",
    "podcastName" : "Undecided with Matt Ferrell",
    "episodeName" : "The Weird Science Behind Living Solar Panels",
    "msPlayed" : 35119
  },
  {
    "endTime" : "2024-08-14 10:48",
    "podcastName" : "Undecided with Matt Ferrell",
    "episodeName" : "The Weird Science Behind Living Solar Panels",
    "msPlayed" : 446
  },
  {
    "endTime" : "2024-08-19 20:38",
    "podcastName" : "The GaryVee Audio Experience",
    "episodeName" : "How To Leverage Social Media To Sell Your Products l The Co-Founders of Womaness",
    "msPlayed" : 0
  },
  {
    "endTime" : "2024-08-19 21:01",
    "podcastName" : "The GaryVee Audio Experience",
    "episodeName" : "How To Leverage Social Media To Sell Your Products l The Co-Founders of Womaness",
    "msPlayed" : 2570
  },
  {
    "endTime" : "2024-08-19 21:12",
    "podcastName" : "The GaryVee Audio Experience",
    "episodeName" : "How To Leverage Social Media To Sell Your Products l The Co-Founders of Womaness",
    "msPlayed" : 1892
  },
  {
    "endTime" : "2024-08-21 20:34",
    "podcastName" : "House of R",
    "episodeName" : "Fall Hype Meter 2024 | House of R",
    "msPlayed" : 2476
  },
  {
    "endTime" : "2024-08-21 21:44",
    "podcastName" : "House of R",
    "episodeName" : "Fall Hype Meter 2024 | House of R",
    "msPlayed" : 284
  },
  {
    "endTime" : "2024-08-27 05:52",
    "podcastName" : "Sitting with Dogs by Rocky Kanaka",
    "episodeName" : "Watch the Moment Scared Cattle Dog Realizes she can Trust Me",
    "msPlayed" : 7558
  },
  {
    "endTime" : "2024-08-27 07:24",
    "podcastName" : "Sitting with Dogs by Rocky Kanaka",
    "episodeName" : "Watch the Moment Scared Cattle Dog Realizes she can Trust Me",
    "msPlayed" : 305
  },
  {
    "endTime" : "2024-08-27 07:25",
    "podcastName" : "Sitting with Dogs by Rocky Kanaka",
    "episodeName" : "Watch the Moment Scared Cattle Dog Realizes she can Trust Me",
    "msPlayed" : 550
  },
  {
    "endTime" : "2024-08-27 09:49",
    "podcastName" : "Sitting with Dogs by Rocky Kanaka",
    "episodeName" : "Watch the Moment Scared Cattle Dog Realizes she can Trust Me",
    "msPlayed" : 348
  },
  {
    "endTime" : "2024-08-27 09:49",
    "podcastName" : "Sitting with Dogs by Rocky Kanaka",
    "episodeName" : "Watch the Moment Scared Cattle Dog Realizes she can Trust Me",
    "msPlayed" : 3544
  },
  {
    "endTime" : "2024-08-27 10:37",
    "podcastName" : "Sitting with Dogs by Rocky Kanaka",
    "episodeName" : "Watch the Moment Scared Cattle Dog Realizes she can Trust Me",
    "msPlayed" : 580
  },
  {
    "endTime" : "2024-08-29 01:32",
    "podcastName" : "Duncanyounot",
    "episodeName" : "Copying BRATS on Dress to Impress..",
    "msPlayed" : 1785
  },
  {
    "endTime" : "2024-08-30 18:55",
    "podcastName" : "2272024",
    "episodeName" : "we gon be ok",
    "msPlayed" : 2581
  },
  {
    "endTime" : "2024-08-30 19:18",
    "podcastName" : "2272024",
    "episodeName" : "we gon be ok",
    "msPlayed" : 52905
  },
  {
    "endTime" : "2024-08-30 19:22",
    "podcastName" : "2272024",
    "episodeName" : "uk bitches",
    "msPlayed" : 28805
  }
]